date,course,weather,race_number,race_name,surface,distance,track_condition,num_horses,bracket_number,horse_number,horse_name,father_name,mother_name,sex,age,weight_carried,jockey,stable,horse_weight,weight_diff,horse_id
2026/07/27,盛岡,,1,C2,ダ,1000,,11,1,1,キタノフローラ,マクフィ,Dhelaal,牝,4,54.0,山本聡紀,岩手飯田弘道,,,2022100821
2026/07/27,盛岡,,1,C2,ダ,1000,,11,2,2,リスクテイカー,アメリカンペイトリオット,Life Well Lived,牝,6,54.0,鈴木祐,岩手小林俊彦,,,2020101804
2026/07/27,盛岡,,1,C2,ダ,1000,,11,3,3,ダンストンローザ,ストロングリターン,コートアウト,牝,4,54.0,佐々木志,岩手小林俊彦,,,2022107176
2026/07/27,盛岡,,1,C2,ダ,1000,,11,4,4,ポンドレイディ,カレンブラックヒル,チャールストンハーバー,牝,5,53.0,坂井瑛音,岩手菅原右吉,,,2021102940
2026/07/27,盛岡,,1,C2,ダ,1000,,11,5,5,ウロンブランカ,ベストウォーリア,フラーテイシャスミス,牝,4,54.0,小林凌,岩手飯田弘道,,,2022103900
2026/07/27,盛岡,,1,C2,ダ,1000,,11,6,6,アグリオ,グランデッツァ,マルバイユ,牝,5,54.0,大坪慎,岩手三野宮通,,,2021102169
2026/07/27,盛岡,,1,C2,ダ,1000,,11,6,7,ルーナ,パイロ,Wild Vision,牝,5,52.0,関本玲花,岩手関本浩司,,,2021107306
2026/07/27,盛岡,,1,C2,ダ,1000,,11,7,8,サクラトップスカイ,エピカリス,スターペスミツコ,セ,4,56.0,岩本怜,岩手西野直樹,,,2022106864
2026/07/27,盛岡,,1,C2,ダ,1000,,11,7,9,エンジェルスラップ,シルバーステート,シルヴァースカヤ,牝,5,54.0,阿部英俊,岩手工藤裕孝,,,2021104249
2026/07/27,盛岡,,1,C2,ダ,1000,,11,8,10,ティルナノーグ,ミッキーアイル,スターアイル,セ,4,56.0,塚本涼人,岩手千葉博次,,,2022100137
2026/07/27,盛岡,,1,C2,ダ,1000,,11,8,11,プケッティ,プレティオラス,ユーロペ,牝,5,54.0,菅原辰徳,岩手瀬戸幸一,,,2021101333
2026/07/27,盛岡,,2,C2,ダ,1000,,11,1,1,ウワサノハルカ,フィエールマン,リュヌドール,牝,4,54.0,高橋悠里,岩手高橋純,,,2022103500
2026/07/27,盛岡,,2,C2,ダ,1000,,11,2,2,ショウリュウテン,ベストウォーリア,フラーテイシャスミス,牡,4,56.0,菅原辰徳,岩手瀬戸幸一,,,2022103936
2026/07/27,盛岡,,2,C2,ダ,1000,,11,3,3,ファストパスキー,モーリス,メジロフランシス,牡,4,56.0,山本聡紀,岩手板垣吉則,,,2022105274
2026/07/27,盛岡,,2,C2,ダ,1000,,11,4,4,コウバイ,マツリダゴッホ,ペイパーレイン,牝,4,53.0,坂井瑛音,岩手陶文峰,,,2022106919
2026/07/27,盛岡,,2,C2,ダ,1000,,11,5,5,ヒガシブレーヴ,エイシンフラッシュ,ムーンレディ,牡,9,56.0,小林凌,岩手永田幸宏,,,2017106670
2026/07/27,盛岡,,2,C2,ダ,1000,,11,6,6,テーオーシュターデ,スクリーンヒーロー,ランニングヒロイン,牝,4,54.0,鈴木祐,岩手飯田弘道,,,2022107056
2026/07/27,盛岡,,2,C2,ダ,1000,,11,6,7,ブラウオリゾン,ナムラタイタン,ネクストタイム,牡,8,56.0,塚本涼人,岩手酒井仁,,,2018100767
2026/07/27,盛岡,,2,C2,ダ,1000,,11,7,8,クリスタルテン,アルアイン,ドバイマジェスティ,牝,4,50.0,斉藤友香,岩手斉藤雄一,,,2022102442
2026/07/27,盛岡,,2,C2,ダ,1000,,11,7,9,キタノアルテミス,ミスターメロディ,Trusty Lady,牝,4,54.0,岩本怜,岩手佐々木由,,,2022101045
2026/07/27,盛岡,,2,C2,ダ,1000,,11,8,10,タマモオペラ,シニスターミニスター,Sweet Minister,牝,5,54.0,南郷家全,岩手櫻田浩樹,,,2021103594
2026/07/27,盛岡,,2,C2,ダ,1000,,11,8,11,バエル,ホークビル,Trensa,牝,5,54.0,山本政聡,岩手飯田弘道,,,2021102126
2026/07/27,盛岡,,3,C2六組,ダ,1200,,9,1,1,サクラトップマンボ,ミッキーロケット,マネーキャントバイミーラヴ,牡,4,55.0,坂井瑛音,岩手伊藤和忍,,,2022106863
2026/07/27,盛岡,,3,C2六組,ダ,1200,,9,2,2,エバーアリエル,ブリックスアンドモルタル,Beyond the Waves,牝,5,54.0,菅原辰徳,岩手工藤裕孝,,,2021105822
2026/07/27,盛岡,,3,C2六組,ダ,1200,,9,3,3,チヨノフォーエヴァ,フォーウィールドライブ,Funfair,牝,4,54.0,鈴木祐,岩手櫻田康二,,,2022100728
2026/07/27,盛岡,,3,C2六組,ダ,1200,,9,4,4,クレーンパーディタ,リオンディーズ,シーザリオ,牝,5,54.0,塚本涼人,岩手酒井仁,,,2021100399
2026/07/27,盛岡,,3,C2六組,ダ,1200,,9,5,5,コスモヴェレッド,アンライバルド,バレークイーン,牡,7,56.0,山本政聡,岩手永田幸宏,,,2019100761
2026/07/27,盛岡,,3,C2六組,ダ,1200,,9,6,6,クレストライン,シュヴァルグラン,ハルーワスウィート,牝,4,54.0,小林凌,岩手西野直樹,,,2022100515
2026/07/27,盛岡,,3,C2六組,ダ,1200,,9,7,7,エクスポーネント,ディープブリランテ,ラヴアンドバブルズ,牡,10,54.0,関本玲花,岩手高橋純,,,2016105631
2026/07/27,盛岡,,3,C2六組,ダ,1200,,9,8,8,アステルグロリアス,ルーラーシップ,エアグルーヴ,牝,6,54.0,山本聡紀,岩手板垣吉則,,,2020100232
2026/07/27,盛岡,,3,C2六組,ダ,1200,,9,8,9,リーヴルワンダー,キタサンミカヅキ,キタサンジュエリー,牡,5,56.0,山本聡哉,岩手畠山信一,,,2021103641
2026/07/27,盛岡,,4,C2五組,ダ,1200,,9,1,1,ティーライトニング,ハービンジャー,Penang Pearl,牡,7,56.0,高松亮,岩手佐藤雅彦,,,2019106411
2026/07/27,盛岡,,4,C2五組,ダ,1200,,9,2,2,ディスクリプション,ディスクリートキャット,Pretty Discreet,牝,4,54.0,塚本涼人,岩手村上実,,,2022109030
2026/07/27,盛岡,,4,C2五組,ダ,1200,,9,3,3,ヤマニンラリアンス,ゴールドシップ,ポイントフラッグ,牝,4,54.0,山本聡哉,岩手伊藤和,,,2022100396
2026/07/27,盛岡,,4,C2五組,ダ,1200,,9,4,4,ヴェニーレ,メイショウボーラー,ナイスレイズ,牡,8,54.0,関本玲花,岩手関本浩司,,,2018100019
2026/07/27,盛岡,,4,C2五組,ダ,1200,,9,5,5,バイオレットモーヴ,ロージズインメイ,Tell a Secret,牝,9,54.0,高橋悠里,岩手及川良春,,,2017100438
2026/07/27,盛岡,,4,C2五組,ダ,1200,,9,6,6,プリズムスペクトル,レインボーライン,レーゲンボーゲン,牝,5,53.0,坂井瑛音,岩手千葉幸喜,,,2021107160
2026/07/27,盛岡,,4,C2五組,ダ,1200,,9,7,7,サインオブハピネス,ホークビル,Trensa,牝,5,50.0,斉藤友香,岩手工藤裕孝,,,2021103115
2026/07/27,盛岡,,4,C2五組,ダ,1200,,9,8,8,ドルチアーリア,マインドユアビスケッツ,Jazzmane,牝,5,54.0,岩本怜,岩手三野宮通,,,2021105251
2026/07/27,盛岡,,4,C2五組,ダ,1200,,9,8,9,レモンスフレ,ローレルゲレイロ,ビッグテンビー,牝,5,54.0,山本政聡,岩手工藤裕孝,,,2021107043
2026/07/27,盛岡,,5,C2四組,ダ,1200,,10,1,1,ニシノタマユラ,リーチザクラウン,クラウンピース,牝,7,54.0,岩本怜,岩手三野宮通,,,2019100936
2026/07/27,盛岡,,5,C2四組,ダ,1200,,10,2,2,パラジウムリボン,アイルハヴアナザー,Arch's Gal Edith,牝,9,54.0,南郷家全,岩手櫻田浩樹,,,2017101433
2026/07/27,盛岡,,5,C2四組,ダ,1200,,10,3,3,マローディープ,スクリーンヒーロー,ランニングヒロイン,セ,6,56.0,阿部英俊,岩手及川良春,,,2020103654
2026/07/27,盛岡,,5,C2四組,ダ,1200,,10,4,4,キャビネットバトル,ダイワメジャー,スカーレットブーケ,牡,6,56.0,鈴木祐,岩手西野直樹,,,2020101889
2026/07/27,盛岡,,5,C2四組,ダ,1200,,10,5,5,シャイニーメイン,シビルウォー,チケットトゥダンス,牝,7,54.0,大坪慎,岩手三野宮通,,,2019101091
2026/07/27,盛岡,,5,C2四組,ダ,1200,,10,6,6,ロッキータイタン,ナムラタイタン,ネクストタイム,牡,6,52.0,斉藤友香,岩手千葉幸喜,,,2020101164
2026/07/27,盛岡,,5,C2四組,ダ,1200,,10,7,7,メイショウガイフウ,キズナ,キャットクイル,牡,5,56.0,佐々木志,岩手橘友和,,,2021106247
2026/07/27,盛岡,,5,C2四組,ダ,1200,,10,7,8,リュウノアラス,スワーヴリチャード,ピラミマ,牡,5,56.0,山本聡紀,岩手板垣吉則,,,2021100371
2026/07/27,盛岡,,5,C2四組,ダ,1200,,10,8,9,ノクターナリティ,ディスクリートキャット,Pretty Discreet,牡,7,56.0,塚本涼人,岩手小林俊彦,,,2019101906
2026/07/27,盛岡,,5,C2四組,ダ,1200,,10,8,10,リーガルスピード,リアルインパクト,トキオリアリティー,牝,7,53.0,坂井瑛音,岩手小林義明,,,2019103939
2026/07/27,盛岡,,6,2歳,ダ,1400,,6,1,1,ピロピロ,ニホンピロアワーズ,ニホンピロルピナス,牡,2,55.0,高松亮,岩手伊藤和忍,,,2024100964
2026/07/27,盛岡,,6,2歳,ダ,1400,,6,2,2,ユウユウジュレップ,ニューイヤーズデイ,Justwhistledixie,牝,2,54.0,佐々木志,岩手佐藤祐司,,,2024104813
2026/07/27,盛岡,,6,2歳,ダ,1400,,6,3,3,トゥーナカメリア,デクラレーションオブウォー,Tempo West,牝,2,54.0,高橋悠里,岩手伊藤和忍,,,2024103941
2026/07/27,盛岡,,6,2歳,ダ,1400,,6,4,4,ビッグネリネルーフ,ダノンプレミアム,インディアナギャル,牝,2,54.0,菅原辰徳,岩手伊藤和,,,2024104005
2026/07/27,盛岡,,6,2歳,ダ,1400,,6,5,5,ジャンダルマン,ジャンダルム,ビリーヴ,牡,2,55.0,南郷家全,岩手櫻田浩樹,,,2024109062
2026/07/27,盛岡,,6,2歳,ダ,1400,,6,6,6,クリムゾンダリア,クリソベリル,クリソプレーズ,牡,2,55.0,山本政聡,岩手橘友和,,,2024101854
2026/07/27,盛岡,,7,2歳,ダ,1400,,7,1,1,マイマホウジン,マテラスカイ,Mostaqeleh,牡,2,55.0,鈴木祐,岩手櫻田康二,,,2024100783
2026/07/27,盛岡,,7,2歳,ダ,1400,,7,2,2,レディーショコラ,カレンブラックヒル,チャールストンハーバー,牝,2,54.0,山本政聡,岩手斉藤雄一,,,2024103778
2026/07/27,盛岡,,7,2歳,ダ,1400,,7,3,3,リュウノマッチョ,アメリカンペイトリオット,Life Well Lived,牡,2,55.0,菅原辰徳,岩手板垣吉則,,,2024103278
2026/07/27,盛岡,,7,2歳,ダ,1400,,7,4,4,サクラトップザード,チュウワウィザード,チュウワブロッサム,牡,2,55.0,高橋悠里,岩手伊藤和忍,,,2024101168
2026/07/27,盛岡,,7,2歳,ダ,1400,,7,5,5,サンエイフローラ,ミスターメロディ,Trusty Lady,牝,2,54.0,塚本涼人,岩手畠山信一,,,2024101306
2026/07/27,盛岡,,7,2歳,ダ,1400,,7,6,6,カガヤキザオー,コパノリッキー,コパノニキータ,牡,2,55.0,山本聡哉,岩手櫻田康二,,,2024106785
2026/07/27,盛岡,,7,2歳,ダ,1400,,7,7,7,タカマキエイト,キセキ,ブリッツフィナーレ,牡,2,55.0,山本聡紀,岩手菅原右吉,,,2024104805
2026/07/27,盛岡,,8,B1,ダ,1200,,9,1,1,ウインラグラス,ストロングリターン,コートアウト,牝,5,54.0,山本聡紀,岩手酒井仁,,,2021106216
2026/07/27,盛岡,,8,B1,ダ,1200,,9,2,2,キッスミーアイ,ロードカナロア,レディブラッサム,牝,4,53.0,坂井瑛音,岩手菅原右吉,,,2022101415
2026/07/27,盛岡,,8,B1,ダ,1200,,9,3,3,テーオールノワール,パイロ,Wild Vision,セ,8,56.0,高松亮,岩手佐藤雅彦,,,2018102350
2026/07/27,盛岡,,8,B1,ダ,1200,,9,4,4,プリティキッス,ダノンバラード,レディバラード,牝,5,54.0,佐々木志,岩手小林俊彦,,,2021100817
2026/07/27,盛岡,,8,B1,ダ,1200,,9,5,5,リリードリーマー,ゴールドドリーム,モンヴェール,牝,4,54.0,岩本怜,岩手伊藤和,,,2022106007
2026/07/27,盛岡,,8,B1,ダ,1200,,9,6,6,フスカル,American Pharoah,Littleprincessemma,セ,6,56.0,山本聡哉,岩手石川栄,,,2020110128
2026/07/27,盛岡,,8,B1,ダ,1200,,9,7,7,イキザマ,サウスヴィグラス,ダーケストスター,牡,10,56.0,小林凌,岩手佐藤敏彦,,,2016100629
2026/07/27,盛岡,,8,B1,ダ,1200,,9,8,8,ノーダブルディップ,リーチザクラウン,クラウンピース,牡,8,56.0,塚本涼人,岩手酒井仁,,,2018104837
2026/07/27,盛岡,,8,B1,ダ,1200,,9,8,9,タイセイフェスタ,マツリダゴッホ,ペイパーレイン,セ,5,56.0,山本政聡,岩手佐藤雅彦,,,2021106939
2026/07/27,盛岡,,9,B1,ダ,1200,,10,1,1,タカマキスリー,メイショウボーラー,ナイスレイズ,牡,5,56.0,菅原辰徳,岩手菅原右吉,,,2021102514
2026/07/27,盛岡,,9,B1,ダ,1200,,10,2,2,チベリウス,ロードカナロア,レディブラッサム,牡,7,55.0,坂井瑛音,岩手村上実,,,2019106675
2026/07/27,盛岡,,9,B1,ダ,1200,,10,3,3,サティスファイア,ホッコータルマエ,マダムチェロキー,牝,4,54.0,岩本怜,岩手三野宮通,,,2022100035
2026/07/27,盛岡,,9,B1,ダ,1200,,10,4,4,パンセ,ゴールドアクター,ヘイロンシン,牡,5,56.0,山本聡紀,岩手飯田弘道,,,2021100815
2026/07/27,盛岡,,9,B1,ダ,1200,,10,5,5,チハヤブルラン,コパノリッキー,コパノニキータ,牝,6,52.0,関本玲花,岩手永田幸宏,,,2020104402
2026/07/27,盛岡,,9,B1,ダ,1200,,10,6,6,コスモタラゴン,ロージズインメイ,Tell a Secret,牡,5,56.0,高橋悠里,岩手陶文峰,,,2021106778
2026/07/27,盛岡,,9,B1,ダ,1200,,10,7,7,フラメンタ,ディーマジェスティ,エルメスティアラ,牝,4,54.0,佐々木志,岩手菅原右吉,,,2022100768
2026/07/27,盛岡,,9,B1,ダ,1200,,10,7,8,ルアル,エスポワールシチー,エミネントシチー,牡,7,56.0,阿部英俊,岩手吉田司,,,2019103641
2026/07/27,盛岡,,9,B1,ダ,1200,,10,8,9,ストームサージ,エピファネイア,シーザリオ,セ,7,56.0,高松亮,岩手畠山信一,,,2019101865
2026/07/27,盛岡,,9,B1,ダ,1200,,10,8,10,ヴァンダービルト,エピファネイア,シーザリオ,牡,7,56.0,山本聡哉,岩手及川良春,,,2019103638
2026/07/27,盛岡,,10,B2二組,ダ,1600,,9,1,1,ヤマニンリーリオ,シニスターミニスター,Sweet Minister,牝,6,54.0,山本聡紀,岩手伊藤和,,,2020105602
2026/07/27,盛岡,,10,B2二組,ダ,1600,,9,2,2,タイキクラージュ,サトノアラジン,マジックストーム,牡,6,56.0,山本政聡,岩手斉藤雄一,,,2020106820
2026/07/27,盛岡,,10,B2二組,ダ,1600,,9,3,3,マイモーメント,ジャスタウェイ,シビル,セ,6,56.0,佐々木志,岩手小林俊彦,,,2020106865
2026/07/27,盛岡,,10,B2二組,ダ,1600,,9,4,4,サムズアップ,アイルハヴアナザー,Arch's Gal Edith,牡,9,56.0,大坪慎,岩手佐藤敏彦,,,2017101447
2026/07/27,盛岡,,10,B2二組,ダ,1600,,9,5,5,ジュエルプリンス,シニスターミニスター,Sweet Minister,牡,6,56.0,南郷家全,岩手櫻田浩樹,,,2020100489
2026/07/27,盛岡,,10,B2二組,ダ,1600,,9,6,6,メイショウメイスイ,ノヴェリスト,Night Lagoon,牡,8,54.0,関本玲花,岩手菅原勲,,,2018106554
2026/07/27,盛岡,,10,B2二組,ダ,1600,,9,7,7,ブローヴェイス,ストロングリターン,コートアウト,牡,7,56.0,山本聡哉,岩手木村暁,,,2019104263
2026/07/27,盛岡,,10,B2二組,ダ,1600,,9,8,8,ミツカネヴィーナス,ヘニーヒューズ,Meadow Flyer,牝,7,54.0,高橋悠里,岩手伊藤和忍,,,2019100844
2026/07/27,盛岡,,10,B2二組,ダ,1600,,9,8,9,ネオネオモッズ,ネオユニヴァース,ポインテッドパス,牡,7,55.0,坂井瑛音,岩手伊藤和忍,,,2019105744
2026/07/27,盛岡,,11,夢・希望 未来へ前進(B2),芝,1600,,12,1,1,ハウファアイルゴー,トーセンジョーダン,エヴリウィスパー,牝,7,54.0,山本聡紀,岩手櫻田浩樹,,,2019105765
2026/07/27,盛岡,,11,夢・希望 未来へ前進(B2),芝,1600,,12,2,2,サイモンノーブル,ハービンジャー,Penang Pearl,牡,4,56.0,高橋悠里,岩手伊藤和忍,,,2022105814
2026/07/27,盛岡,,11,夢・希望 未来へ前進(B2),芝,1600,,12,3,3,レゾンドゥスリール,ハーツクライ,アイリッシュダンス,セ,8,56.0,塚本涼人,岩手木村暁,,,2018105392
2026/07/27,盛岡,,11,夢・希望 未来へ前進(B2),芝,1600,,12,4,4,オーケースマイル,スワーヴリチャード,ピラミマ,牝,4,53.0,坂井瑛音,岩手高橋純,,,2022101574
2026/07/27,盛岡,,11,夢・希望 未来へ前進(B2),芝,1600,,12,5,5,ゴールドジャンパー,ゴールドアクター,ヘイロンシン,牝,5,54.0,佐々木志,岩手石川栄,,,2021106879
2026/07/27,盛岡,,11,夢・希望 未来へ前進(B2),芝,1600,,12,5,6,オレンジダンサー,ドレフォン,Eltimaas,牝,5,54.0,鈴木祐,岩手櫻田康二,,,2021105395
2026/07/27,盛岡,,11,夢・希望 未来へ前進(B2),芝,1600,,12,6,7,キャピタルプレイン,ノーブルミッション,Kind,牝,4,54.0,小林凌,岩手千葉幸喜,,,2022106676
2026/07/27,盛岡,,11,夢・希望 未来へ前進(B2),芝,1600,,12,6,8,キープオントップ,デクラレーションオブウォー,Tempo West,牡,4,56.0,高松亮,岩手斉藤雄一,,,2022104383
2026/07/27,盛岡,,11,夢・希望 未来へ前進(B2),芝,1600,,12,7,9,クイーンオブソウル,マインドユアビスケッツ,Jazzmane,牝,6,54.0,大坪慎,岩手橘友和,,,2020102995
2026/07/27,盛岡,,11,夢・希望 未来へ前進(B2),芝,1600,,12,7,10,オロパタジン,ノヴェリスト,Night Lagoon,牡,4,56.0,山本聡哉,岩手佐藤浩一,,,2022102567
2026/07/27,盛岡,,11,夢・希望 未来へ前進(B2),芝,1600,,12,8,11,フォーエリーゼ,ルーラーシップ,エアグルーヴ,牝,4,54.0,山本政聡,岩手西野直樹,,,2022101154
2026/07/27,盛岡,,11,夢・希望 未来へ前進(B2),芝,1600,,12,8,12,ラヴアンドホープ,モーリス,メジロフランシス,牝,4,54.0,菅原辰徳,岩手木村暁,,,2022106740
2026/07/27,盛岡,,12,B2一組,ダ,1600,,9,1,1,ノヴェルウェイ,マジェスティックウォリアー,Dream Supreme,牝,4,54.0,菅原辰徳,岩手伊藤和忍,,,2022102897
2026/07/27,盛岡,,12,B2一組,ダ,1600,,9,2,2,ミシロウェイ,スズカコーズウェイ,フレンチリヴィエラ,牡,5,56.0,高橋悠里,岩手新田守,,,2021100315
2026/07/27,盛岡,,12,B2一組,ダ,1600,,9,3,3,ボンディマンシュ,ロードカナロア,レディブラッサム,セ,10,56.0,佐々木志,岩手佐藤祐司,,,2016104822
2026/07/27,盛岡,,12,B2一組,ダ,1600,,9,4,4,バイアメ,レッドファルクス,ベルモット,牡,4,56.0,鈴木祐,岩手橘友和,,,2022106601
2026/07/27,盛岡,,12,B2一組,ダ,1600,,9,5,5,ゴールドモーション,ゴールドアクター,ヘイロンシン,牡,5,56.0,山本政聡,岩手板垣吉則,,,2021106881
2026/07/27,盛岡,,12,B2一組,ダ,1600,,9,6,6,ソルデベラーノ,ビーチパトロール,Bashful Bertie,セ,6,56.0,塚本涼人,岩手伊藤和忍,,,2020103895
2026/07/27,盛岡,,12,B2一組,ダ,1600,,9,7,7,ゴールドクレスト,キズナ,キャットクイル,牡,9,52.0,斉藤友香,岩手斉藤雄一,,,2017106576
2026/07/27,盛岡,,12,B2一組,ダ,1600,,9,8,8,ゴールドクロス,エスポワールシチー,エミネントシチー,牡,11,56.0,山本聡哉,岩手佐藤浩一,,,2015100942
2026/07/27,盛岡,,12,B2一組,ダ,1600,,9,8,9,タイセイアダマス,リアルスティール,ラヴズオンリーミー,牡,4,56.0,高松亮,岩手佐藤雅彦,,,2022101137
2026/07/27,川崎,,1,C3一二,ダ,1400,,9,1,1,キアラボヌール,ベストウォーリア,フラーテイシャスミス,牝,5,52.0,加藤雄真,川崎田島寿一,,,2021103927
2026/07/27,川崎,,1,C3一二,ダ,1400,,9,2,2,ヴェロス,ブラックタイド,ウインドインハーヘア,牝,6,54.0,池谷匠翔,川崎内田勝義,,,2020106854
2026/07/27,川崎,,1,C3一二,ダ,1400,,9,3,3,テマリ,マジェスティックウォリアー,Dream Supreme,牝,6,54.0,赤津和希,川崎武井和実,,,2020106665
2026/07/27,川崎,,1,C3一二,ダ,1400,,9,4,4,セイウンパイオニア,モーニン,Giggly,牡,5,56.0,新原周馬,川崎田辺陽一,,,2021106996
2026/07/27,川崎,,1,C3一二,ダ,1400,,9,5,5,ファンタフェスタ,バゴ,Moonlight's Box,牝,5,54.0,櫻井光輔,浦和平山真希,,,2021103310
2026/07/27,川崎,,1,C3一二,ダ,1400,,9,6,6,エーテルノカゼ,レッドファルクス,ベルモット,牝,6,54.0,岡村裕基,川崎八木正喜,,,2020102635
2026/07/27,川崎,,1,C3一二,ダ,1400,,9,7,7,マロンフエルテ,ロージズインメイ,Tell a Secret,牝,7,52.0,神尾香澄,川崎久保勇,,,2019106532
2026/07/27,川崎,,1,C3一二,ダ,1400,,9,8,8,ティンドラ,ノボジャック,フライトオブエンジェルス,牝,6,54.0,古岡勇樹,川崎山崎尋美,,,2020101502
2026/07/27,川崎,,1,C3一二,ダ,1400,,9,8,9,トニトゥルス,マジェスティックウォリアー,Dream Supreme,牡,6,56.0,野畑凌,船橋新井清重,,,2020106697
2026/07/27,川崎,,2,C3一二,ダ,1400,,7,1,1,メガミリオン,ホッコータルマエ,マダムチェロキー,牡,8,56.0,池谷匠翔,川崎田島寿一,,,2018102838
2026/07/27,川崎,,2,C3一二,ダ,1400,,7,2,2,カサミラ,ミスターメロディ,Trusty Lady,牝,4,52.0,神尾香澄,川崎山田質,,,2022100500
2026/07/27,川崎,,2,C3一二,ダ,1400,,7,3,3,シルヴァギンジ,ザファクター,Greyciousness,牡,7,56.0,伊藤裕人,川崎田辺陽一,,,2019103259
2026/07/27,川崎,,2,C3一二,ダ,1400,,7,4,4,ブルードラゴン,ミスターメロディ,Trusty Lady,牝,4,52.0,加藤雄真,川崎安池成実,,,2022106749
2026/07/27,川崎,,2,C3一二,ダ,1400,,7,5,5,クインズカヤノヒメ,クリエイターII,Morena,牝,6,54.0,本田紀忠,川崎久保勇,,,2020104213
2026/07/27,川崎,,2,C3一二,ダ,1400,,7,6,6,コミックガール,シルバーステート,シルヴァースカヤ,牝,5,54.0,櫻井光輔,川崎吉橋淳一,,,2021100265
2026/07/27,川崎,,2,C3一二,ダ,1400,,7,7,7,リコースチェッキン,ゼンノロブロイ,ローミンレイチェル,牝,6,54.0,佐野遥久,川崎久保秀男,,,2020102372
2026/07/27,川崎,,3,モルゲンロート賞(3歳),ダ,900,,11,1,1,フラワーガールエス,フォーウィールドライブ,Funfair,牝,3,54.0,新原周馬,川崎田辺陽一,,,2023100554
2026/07/27,川崎,,3,モルゲンロート賞(3歳),ダ,900,,11,2,2,サンシンメフレール,ニシケンモノノフ,グリーンヒルコマチ,牝,3,55.0,木間塚龍,浦和野口寛仁,,,2023102194
2026/07/27,川崎,,3,モルゲンロート賞(3歳),ダ,900,,11,3,3,ギガントマキア,モーニン,Giggly,牡,3,56.0,池谷匠翔,川崎村田順一,,,2023100113
2026/07/27,川崎,,3,モルゲンロート賞(3歳),ダ,900,,11,4,4,ミリオンフライト,ミスチヴィアスアレックス,White Pants Night,牝,3,54.0,中山遥人,川崎林隆之,,,2023105151
2026/07/27,川崎,,3,モルゲンロート賞(3歳),ダ,900,,11,5,5,モンゲータイム,シャンハイボビー,Steelin',牡,3,56.0,佐野遥久,川崎鈴木義久,,,2023102264
2026/07/27,川崎,,3,モルゲンロート賞(3歳),ダ,900,,11,6,6,シノン,レッドベルジュール,レッドファンタジア,牝,3,55.0,櫻井光輔,川崎八木正喜,,,2023104198
2026/07/27,川崎,,3,モルゲンロート賞(3歳),ダ,900,,11,6,7,ラスールフルール,オーヴァルエース,アブラシオ,牝,3,54.0,野畑凌,川崎山田質,,,2023105705
2026/07/27,川崎,,3,モルゲンロート賞(3歳),ダ,900,,11,7,8,ジーベローチェ,モズアスコット,India,牝,3,54.0,和田譲治,川崎鈴木義久,,,2023101515
2026/07/27,川崎,,3,モルゲンロート賞(3歳),ダ,900,,11,7,9,キョウエイハゴロモ,サブノジュニア,サブノイナズマ,牝,3,53.0,加藤雄真,川崎山崎尋美,,,2023103135
2026/07/27,川崎,,3,モルゲンロート賞(3歳),ダ,900,,11,8,10,キングスケヨー,マテラスカイ,Mostaqeleh,牡,3,57.0,古岡勇樹,川崎山崎裕也,,,2023105184
2026/07/27,川崎,,3,モルゲンロート賞(3歳),ダ,900,,11,8,11,サウンドプリモ,シニスターミニスター,Sweet Minister,牝,3,55.0,矢野貴之,川崎河津裕昭,,,2023104750
2026/07/27,川崎,,4,2歳4,ダ,1400,,7,1,1,ミヤフィデース,ヘンリーバローズ,シルヴァースカヤ,牝,2,54.0,田中涼,川崎鈴木義久,,,2024102691
2026/07/27,川崎,,4,2歳4,ダ,1400,,7,2,2,ブロードヒーロー,マカヒキ,ウィキウィキ,牡,2,52.0,加藤雄真,川崎今井輝和,,,2024102185
2026/07/27,川崎,,4,2歳4,ダ,1400,,7,3,3,シュンプタイト,ホッコータルマエ,マダムチェロキー,牡,2,54.0,古岡勇樹,川崎山崎尋美,,,2024101920
2026/07/27,川崎,,4,2歳4,ダ,1400,,7,4,4,ジンジャーホープ,マテラスカイ,Mostaqeleh,牡,2,54.0,町田直希,川崎甲田悟史,,,2024101347
2026/07/27,川崎,,4,2歳4,ダ,1400,,7,5,5,ラリーバック,ベストウォーリア,フラーテイシャスミス,牡,2,53.0,中山遥人,川崎林隆之,,,2024100366
2026/07/27,川崎,,4,2歳4,ダ,1400,,7,6,6,レガロペルテ,ベンバトル,Nahrain,牡,2,54.0,佐野遥久,川崎河津裕昭,,,2024100090
2026/07/27,川崎,,4,2歳4,ダ,1400,,7,7,7,ダムブランシュ,ゴールドシップ,ポイントフラッグ,牝,2,54.0,増田充宏,川崎鈴木義久,,,2024102373
2026/07/27,川崎,,5,スミナガシ賞(2歳),ダ,1400,,7,1,1,シーストーリー,ビーチパトロール,Bashful Bertie,牡,2,54.0,野畑凌,川崎山崎裕也,,,2024100710
2026/07/27,川崎,,5,スミナガシ賞(2歳),ダ,1400,,7,2,2,ツェルマット,リオンリオン,アゲヒバリ,牝,2,52.0,加藤雄真,川崎甲田悟史,,,2024103176
2026/07/27,川崎,,5,スミナガシ賞(2歳),ダ,1400,,7,3,3,タイムオブリバー,デクラレーションオブウォー,Tempo West,牝,2,54.0,池谷匠翔,川崎村田順一,,,2024101533
2026/07/27,川崎,,5,スミナガシ賞(2歳),ダ,1400,,7,4,4,オリジン,フォーウィールドライブ,Funfair,牡,2,54.0,新原周馬,川崎林隆之,,,2024101914
2026/07/27,川崎,,5,スミナガシ賞(2歳),ダ,1400,,7,5,5,キーセンシェイラ,エピカリス,スターペスミツコ,牝,2,54.0,町田直希,川崎古澤悟,,,2024101654
2026/07/27,川崎,,5,スミナガシ賞(2歳),ダ,1400,,7,6,6,パミール,スマートファルコン,ケイシュウハーブ,牝,2,54.0,櫻井光輔,川崎甲田悟史,,,2024103183
2026/07/27,川崎,,5,スミナガシ賞(2歳),ダ,1400,,7,7,7,サンドリヨン,マジェスティックウォリアー,Dream Supreme,牝,2,54.0,矢野貴之,川崎山田質,,,2024102631
2026/07/27,川崎,,6,未勝利(2歳),ダ,1600,,8,1,1,イクノナイト,フォーウィールドライブ,Funfair,牡,2,54.0,菅原涼太,川崎佐々木仁,,,2024100157
2026/07/27,川崎,,6,未勝利(2歳),ダ,1600,,8,2,2,アイビーフレイア,ヴァンゴッホ,Imagine,牝,2,54.0,張田昂,川崎茂木浩幸,,,2024102749
2026/07/27,川崎,,6,未勝利(2歳),ダ,1600,,8,3,3,デレチョ,ホットロッドチャーリー,Indian Miss,牡,2,54.0,矢野貴之,川崎山崎裕也,,,2024105348
2026/07/27,川崎,,6,未勝利(2歳),ダ,1600,,8,4,4,シガ,ジャンダルム,ビリーヴ,牡,2,54.0,町田直希,川崎平田正一,,,2024103706
2026/07/27,川崎,,6,未勝利(2歳),ダ,1600,,8,5,5,ヤマトリュウタン,シュヴァルグラン,ハルーワスウィート,牡,2,54.0,伊藤裕人,川崎山崎尋美,,,2024102582
2026/07/27,川崎,,6,未勝利(2歳),ダ,1600,,8,6,6,ユルディズ,インカンテーション,オリジナルスピン,牝,2,52.0,神尾香澄,川崎山田質,,,2024101888
2026/07/27,川崎,,6,未勝利(2歳),ダ,1600,,8,7,7,ゴールドカレラ,クリソベリル,クリソプレーズ,牡,2,54.0,笹川翼,川崎山崎誠士,,,2024106863
2026/07/27,川崎,,6,未勝利(2歳),ダ,1600,,8,8,8,ナットワン,エスポワールシチー,エミネントシチー,牡,2,54.0,古岡勇樹,川崎内田勝義,,,2024105569
2026/07/27,川崎,,7,3歳6,ダ,1400,,11,1,1,パワーラクーン,エピカリス,スターペスミツコ,牝,3,54.0,櫻井光輔,川崎茂木浩幸,,,2023106144
2026/07/27,川崎,,7,3歳6,ダ,1400,,11,2,2,ツウカイミッキー,ミッキーアイル,スターアイル,牝,3,54.0,池谷匠翔,川崎吉橋淳一,,,2023100269
2026/07/27,川崎,,7,3歳6,ダ,1400,,11,3,3,キャットクィーン,エピカリス,スターペスミツコ,牝,3,54.0,町田直希,川崎佐藤博紀,,,2023103947
2026/07/27,川崎,,7,3歳6,ダ,1400,,11,4,4,ヴェロオスキュラス,オーヴァルエース,アブラシオ,牡,3,56.0,野畑凌,川崎鈴木義久,,,2023102261
2026/07/27,川崎,,7,3歳6,ダ,1400,,11,5,5,ショックザワールド,フォーウィールドライブ,Funfair,牡,3,56.0,佐野遥久,川崎山崎尋美,,,2023100980
2026/07/27,川崎,,7,3歳6,ダ,1400,,11,6,6,アファーマティヴ,キセキ,ブリッツフィナーレ,牡,3,54.0,加藤雄真,川崎河津裕昭,,,2023103943
2026/07/27,川崎,,7,3歳6,ダ,1400,,11,6,7,シゴデキ,ゴールドドリーム,モンヴェール,牝,3,54.0,笹川翼,川崎山崎誠士,,,2023100365
2026/07/27,川崎,,7,3歳6,ダ,1400,,11,7,8,ミュークティアラ,アポロケンタッキー,Dixiana Delight,セ,3,56.0,伊藤裕人,川崎甲田悟史,,,2023102356
2026/07/27,川崎,,7,3歳6,ダ,1400,,11,7,9,ココア,ナムラタイタン,ネクストタイム,牝,3,54.0,古岡勇樹,川崎古澤悟,,,2023100299
2026/07/27,川崎,,7,3歳6,ダ,1400,,11,8,10,カルカンサン,カリフォルニアクローム,Love the Chase,牝,3,54.0,増田充宏,川崎佐々木仁,,,2023102587
2026/07/27,川崎,,7,3歳6,ダ,1400,,11,8,11,センプレヴェルデ,エスポワールシチー,エミネントシチー,牝,3,54.0,新原周馬,川崎佐藤博紀,,,2023103969
2026/07/27,川崎,,8,3歳5,ダ,1400,,11,1,1,ジュンシリ,フォーウィールドライブ,Funfair,牝,3,54.0,見越彬央,浦和小久保智,,,2023102663
2026/07/27,川崎,,8,3歳5,ダ,1400,,11,2,2,セレステラ,エスポワールシチー,エミネントシチー,牝,3,54.0,新原周馬,川崎内田勝義,,,2023103959
2026/07/27,川崎,,8,3歳5,ダ,1400,,11,3,3,クツシタオトシタ,ミスチヴィアスアレックス,White Pants Night,牝,3,54.0,西啓太,川崎高橋宏征,,,2023100090
2026/07/27,川崎,,8,3歳5,ダ,1400,,11,4,4,セイカンサンラン,カリフォルニアクローム,Love the Chase,牡,3,56.0,野畑凌,川崎秋山直之,,,2023106169
2026/07/27,川崎,,8,3歳5,ダ,1400,,11,5,5,バードックバイパー,カリフォルニアクローム,Love the Chase,牝,3,54.0,達城龍次,川崎久保秀男,,,2023101321
2026/07/27,川崎,,8,3歳5,ダ,1400,,11,6,6,イアソン,バンブーエール,レインボーウッド,牡,3,56.0,池谷匠翔,川崎山田質,,,2023103269
2026/07/27,川崎,,8,3歳5,ダ,1400,,11,6,7,ヨミイ,ダノンレジェンド,マイグッドネス,牝,3,54.0,増田充宏,川崎河津裕昭,,,2023104800
2026/07/27,川崎,,8,3歳5,ダ,1400,,11,7,8,ユウユウカツサンド,フリオーソ,ファーザ,牝,3,54.0,佐野遥久,川崎武井和実,,,2023101601
2026/07/27,川崎,,8,3歳5,ダ,1400,,11,7,9,ミラクルガイ,ジョーカプチーノ,ジョープシケ,牡,3,56.0,張田昂,川崎林隆之,,,2023100041
2026/07/27,川崎,,8,3歳5,ダ,1400,,11,8,10,ピサンザプラ,ドレフォン,Eltimaas,牝,3,54.0,矢野貴之,川崎高月賢一,,,2023105055
2026/07/27,川崎,,8,3歳5,ダ,1400,,11,8,11,グアピシマ,ダノンレジェンド,マイグッドネス,牝,3,52.0,加藤雄真,川崎古澤悟,,,2023104120
2026/07/27,川崎,,9,雷光賞(C2),ダ,900,,12,1,1,ハーイバービー,サトノアラジン,マジックストーム,牝,4,54.0,矢野貴之,川崎山崎尋美,,,2022106733
2026/07/27,川崎,,9,雷光賞(C2),ダ,900,,12,2,2,サンファウンテン,アルアイン,ドバイマジェスティ,牡,5,56.0,西啓太,川崎高橋宏征,,,2021104041
2026/07/27,川崎,,9,雷光賞(C2),ダ,900,,12,3,3,コトノサンショ,アルデバランII,Chimes of Freedom,牡,6,56.0,本田紀忠,川崎河津裕昭,,,2020109026
2026/07/27,川崎,,9,雷光賞(C2),ダ,900,,12,4,4,クラウディルックス,ルックスザットキル,Carol's Amore,牝,4,54.0,町田直希,川崎内田勝義,,,2022103408
2026/07/27,川崎,,9,雷光賞(C2),ダ,900,,12,5,5,マオノボルケーノ,レッドファルクス,ベルモット,牝,5,54.0,佐野遥久,川崎平田正一,,,2021100851
2026/07/27,川崎,,9,雷光賞(C2),ダ,900,,12,5,6,チュイション,ディスクリートキャット,Pretty Discreet,牡,8,56.0,中越琉世,川崎村田六郎,,,2018100675
2026/07/27,川崎,,9,雷光賞(C2),ダ,900,,12,6,7,ポケットフルコイン,マインドユアビスケッツ,Jazzmane,牝,4,53.0,中山遥人,川崎茂木浩幸,,,2022105510
2026/07/27,川崎,,9,雷光賞(C2),ダ,900,,12,6,8,イクノガキタゾ,フォーウィールドライブ,Funfair,牡,4,56.0,菅原涼太,川崎佐々木仁,,,2022106417
2026/07/27,川崎,,9,雷光賞(C2),ダ,900,,12,7,9,クォンタイズ,ミスターメロディ,Trusty Lady,牝,4,54.0,岡村裕基,川崎山田質,,,2022101772
2026/07/27,川崎,,9,雷光賞(C2),ダ,900,,12,7,10,アンジュグレース,コパノリッキー,コパノニキータ,牝,4,52.0,加藤雄真,川崎山崎裕也,,,2022106670
2026/07/27,川崎,,9,雷光賞(C2),ダ,900,,12,8,11,ゴールドサイカ,タワーオブロンドン,スノーパイン,牝,4,54.0,古岡勇樹,川崎田島寿一,,,2022103891
2026/07/27,川崎,,9,雷光賞(C2),ダ,900,,12,8,12,シェナエース,コパノリッキー,コパノニキータ,牡,5,56.0,赤津和希,浦和冨田敏男,,,2021106284
2026/07/27,川崎,,10,キリマンジェロ賞(C1),ダ,1500,,10,1,1,サムバローズ,ヘンリーバローズ,シルヴァースカヤ,牡,3,55.0,新原周馬,川崎酒井忍,,,2023102043
2026/07/27,川崎,,10,キリマンジェロ賞(C1),ダ,1500,,10,2,2,ベリーク,シュヴァルグラン,ハルーワスウィート,牡,5,56.0,町田直希,川崎高月賢一,,,2021105446
2026/07/27,川崎,,10,キリマンジェロ賞(C1),ダ,1500,,10,3,3,ダテオトコ,オルフェーヴル,オリエンタルアート,牡,3,55.0,矢野貴之,川崎佐々木仁,,,2023102589
2026/07/27,川崎,,10,キリマンジェロ賞(C1),ダ,1500,,10,4,4,サウスヴィルステラ,ラニ,ヘヴンリーロマンス,牝,4,54.0,和田譲治,川崎古澤悟,,,2022100751
2026/07/27,川崎,,10,キリマンジェロ賞(C1),ダ,1500,,10,5,5,ウワサノアノコ,レインボーライン,レーゲンボーゲン,牝,6,54.0,櫻井光輔,川崎高橋宏征,,,2020100624
2026/07/27,川崎,,10,キリマンジェロ賞(C1),ダ,1500,,10,6,6,フォーマイディア,ベンバトル,Nahrain,牝,3,53.0,古岡勇樹,川崎河津裕昭,,,2023105859
2026/07/27,川崎,,10,キリマンジェロ賞(C1),ダ,1500,,10,7,7,クレーネ,アルアイン,ドバイマジェスティ,牝,5,54.0,岡村裕基,川崎山田質,,,2021106363
2026/07/27,川崎,,10,キリマンジェロ賞(C1),ダ,1500,,10,7,8,ホースワン,モーリス,メジロフランシス,牡,4,56.0,野畑凌,川崎高月賢一,,,2022105851
2026/07/27,川崎,,10,キリマンジェロ賞(C1),ダ,1500,,10,8,9,オルペラー,リオンディーズ,シーザリオ,牡,4,56.0,本田正重,川崎佐藤博紀,,,2022103731
2026/07/27,川崎,,10,キリマンジェロ賞(C1),ダ,1500,,10,8,10,ユイノオールイン,モズアスコット,India,牡,4,56.0,赤津和希,川崎武井和実,,,2022102732
2026/07/27,川崎,,11,星火燎原賞(A2B1),ダ,900,,7,1,1,マカゼ,フリオーソ,ファーザ,牝,6,53.0,野畑凌,川崎高月賢一,,,2020105722
2026/07/27,川崎,,11,星火燎原賞(A2B1),ダ,900,,7,2,2,エルロイ,トーホウジャッカル,トーホウガイア,牡,7,55.0,木間塚龍,船橋矢野義幸,,,2019106174
2026/07/27,川崎,,11,星火燎原賞(A2B1),ダ,900,,7,3,3,プリモパイソン,バンブーエール,レインボーウッド,牡,8,57.0,矢野貴之,川崎内田勝義,,,2018103305
2026/07/27,川崎,,11,星火燎原賞(A2B1),ダ,900,,7,4,4,クオレス,ベーカバド,Behkara,牝,5,53.0,池谷匠翔,川崎久保秀男,,,2021103667
2026/07/27,川崎,,11,星火燎原賞(A2B1),ダ,900,,7,5,5,ジョイフルロック,ミスターメロディ,Trusty Lady,牡,4,55.0,本田正重,船橋川島正一,,,2022104964
2026/07/27,川崎,,11,星火燎原賞(A2B1),ダ,900,,7,6,6,エコロネオ,Bernardini,Cara Rafaela,牡,5,55.0,佐野遥久,川崎鈴木義久,,,2021110131
2026/07/27,川崎,,11,星火燎原賞(A2B1),ダ,900,,7,7,7,ツツウラウラ,ブルドッグボス,リファールカンヌ,牡,4,53.0,達城龍次,浦和野口寛仁,,,2022101612
2026/07/27,川崎,,12,夏草特別(B3二),ダ,1600,,11,1,1,ダートレイジング,ゴールドアクター,ヘイロンシン,牡,6,56.0,古岡勇樹,川崎加藤誠一,,,2020100362
2026/07/27,川崎,,12,夏草特別(B3二),ダ,1600,,11,2,2,ジーティーカイソク,ドリームバレンチノ,コスモヴァレンチ,牡,4,56.0,笹川翼,川崎山崎尋美,,,2022103674
2026/07/27,川崎,,12,夏草特別(B3二),ダ,1600,,11,3,3,キングオブカズ,アドマイヤマックス,ダイナシュート,牡,8,56.0,小杉亮,船橋矢内博,,,2018101037
2026/07/27,川崎,,12,夏草特別(B3二),ダ,1600,,11,4,4,マルセルテソーロ,フィエールマン,リュヌドール,牡,4,56.0,佐野遥久,浦和小久保智,,,2022102262
2026/07/27,川崎,,12,夏草特別(B3二),ダ,1600,,11,5,5,リュクスレオン,ドレフォン,Eltimaas,牡,5,56.0,藤原幹生,川崎佐藤博紀,,,2021103285
2026/07/27,川崎,,12,夏草特別(B3二),ダ,1600,,11,6,6,カナールショウヘイ,ダブルスター,ダッシングハニー,牡,5,56.0,野畑凌,川崎佐々木仁,,,2021103763
2026/07/27,川崎,,12,夏草特別(B3二),ダ,1600,,11,6,7,ユメドリーム,ゴールドドリーム,モンヴェール,牡,4,56.0,櫻井光輔,川崎古澤悟,,,2022100502
2026/07/27,川崎,,12,夏草特別(B3二),ダ,1600,,11,7,8,コスモスミッチー,マジェスティックウォリアー,Dream Supreme,牝,6,54.0,新原周馬,川崎田辺陽一,,,2020106296
2026/07/27,川崎,,12,夏草特別(B3二),ダ,1600,,11,7,9,サヨノビッグホープ,レッドベルジュール,レッドファンタジア,牡,4,56.0,増田充宏,川崎加藤誠一,,,2022104335
2026/07/27,川崎,,12,夏草特別(B3二),ダ,1600,,11,8,10,ラーマ,ミッキーアイル,スターアイル,牡,3,55.0,町田直希,川崎内田勝義,,,2023103716
2026/07/27,川崎,,12,夏草特別(B3二),ダ,1600,,11,8,11,デーレーチョップ,タリスマニック,Magic Mission,牡,4,56.0,和田譲治,川崎鈴木義久,,,2022102782
2026/07/27,金沢,,1,佐藤家&生頼家★結婚記念杯(C2),ダ,1500,,8,1,1,キトキト,ディープブリランテ,ラヴアンドバブルズ,牝,4,52.0,浅野登生,金沢加藤和義,,,2022100983
2026/07/27,金沢,,1,佐藤家&生頼家★結婚記念杯(C2),ダ,1500,,8,2,2,ハートリープ,ダイワメジャー,スカーレットブーケ,牝,8,55.0,沖静男,金沢川添明弘,,,2018102175
2026/07/27,金沢,,1,佐藤家&生頼家★結婚記念杯(C2),ダ,1500,,8,3,3,ズッシーノ,トゥザワールド,トゥザヴィクトリー,牡,7,57.0,吉田晃浩,金沢鋤田誠二,,,2019100949
2026/07/27,金沢,,1,佐藤家&生頼家★結婚記念杯(C2),ダ,1500,,8,4,4,メイショウヒュウガ,ダンカーク,Secret Status,牡,6,57.0,加藤翔馬,金沢加藤和義,,,2020106843
2026/07/27,金沢,,1,佐藤家&生頼家★結婚記念杯(C2),ダ,1500,,8,5,5,シュンレツ,ベストウォーリア,フラーテイシャスミス,牡,5,57.0,魚住謙心,金沢鋤田誠二,,,2021100334
2026/07/27,金沢,,1,佐藤家&生頼家★結婚記念杯(C2),ダ,1500,,8,6,6,ポジティブガール,バトルプラン,Flanders,牝,7,55.0,柴田勇真,金沢田嶋弘幸,,,2019102229
2026/07/27,金沢,,1,佐藤家&生頼家★結婚記念杯(C2),ダ,1500,,8,7,7,ジャヴェール,ゴールドアクター,ヘイロンシン,牡,4,57.0,甲賀弘隆,金沢中川雅之,,,2022105892
2026/07/27,金沢,,1,佐藤家&生頼家★結婚記念杯(C2),ダ,1500,,8,8,8,ギャクテンオー,ウインバリアシオン,スーパーバレリーナ,牡,6,57.0,栗原大河,金沢宗綱泰彦,,,2020109007
2026/07/27,金沢,,2,C26,ダ,1400,,9,1,1,ミスキャサリン,スワーヴリチャード,ピラミマ,牝,5,52.0,浅野登生,金沢中川雅之,,,2021102155
2026/07/27,金沢,,2,C26,ダ,1400,,9,2,2,ルビーリング,メイショウボーラー,ナイスレイズ,牝,5,55.0,松戸政也,金沢高橋優子,,,2021103308
2026/07/27,金沢,,2,C26,ダ,1400,,9,3,3,プリティドヌーヴ,ハービンジャー,Penang Pearl,牝,5,55.0,栗原大河,金沢菅原欣也,,,2021106067
2026/07/27,金沢,,2,C26,ダ,1400,,9,4,4,メイショウロッキー,サンダースノー,Eastern Joy,セ,5,57.0,中島龍也,金沢加藤和宏,,,2021103205
2026/07/27,金沢,,2,C26,ダ,1400,,9,5,5,ソラムパレード,サトノアラジン,マジックストーム,牡,4,57.0,魚住謙心,金沢鈴木正也,,,2022102344
2026/07/27,金沢,,2,C26,ダ,1400,,9,6,6,ダズリングスカイ,ホッコータルマエ,マダムチェロキー,牝,6,55.0,青柳正義,金沢加藤和宏,,,2020100117
2026/07/27,金沢,,2,C26,ダ,1400,,9,7,7,レッドフェリーチェ,オルフェーヴル,オリエンタルアート,牝,9,55.0,服部大地,金沢宗綱泰彦,,,2017102021
2026/07/27,金沢,,2,C26,ダ,1400,,9,8,8,ナムラダリウス,シルバーステート,シルヴァースカヤ,牡,6,57.0,甲賀弘隆,金沢室井眞文,,,2020101949
2026/07/27,金沢,,2,C26,ダ,1400,,9,8,9,トップキング,トゥザグローリー,トゥザヴィクトリー,牡,7,57.0,吉田晃浩,金沢鋤田誠二,,,2019104121
2026/07/27,金沢,,3,祝!雅也&里佳ブライダル記念(C2),ダ,1400,,7,1,1,ソルトチャンス,フィエールマン,リュヌドール,牝,4,55.0,青柳正義,金沢高橋優子,,,2022106531
2026/07/27,金沢,,3,祝!雅也&里佳ブライダル記念(C2),ダ,1400,,7,2,2,ベストベルシック,ドレフォン,Eltimaas,牝,5,55.0,栗原大河,金沢菅原欣也,,,2021101437
2026/07/27,金沢,,3,祝!雅也&里佳ブライダル記念(C2),ダ,1400,,7,3,3,カノアレディー,フリオーソ,ファーザ,牝,7,55.0,吉田晃浩,金沢田嶋弘幸,,,2019102373
2026/07/27,金沢,,3,祝!雅也&里佳ブライダル記念(C2),ダ,1400,,7,4,4,エスペラント,エピファネイア,シーザリオ,セ,7,57.0,中島龍也,金沢加藤和宏,,,2019105172
2026/07/27,金沢,,3,祝!雅也&里佳ブライダル記念(C2),ダ,1400,,7,5,5,デルマガーネット,ベルシャザール,マルカキャンディ,牝,9,55.0,田知弘久,金沢田嶋弘幸,,,2017102586
2026/07/27,金沢,,3,祝!雅也&里佳ブライダル記念(C2),ダ,1400,,7,6,6,アマソナ,ルーラーシップ,エアグルーヴ,牝,6,55.0,鈴木太一,金沢井樋一也,,,2020103801
2026/07/27,金沢,,3,祝!雅也&里佳ブライダル記念(C2),ダ,1400,,7,7,7,マイネルトワイス,ディープスカイ,アビ,牡,11,57.0,魚住謙心,金沢鋤田誠二,,,2015100886
2026/07/27,金沢,,4,C24,ダ,1500,,9,1,1,ビービービルダー,ワンダーアキュート,ワンダーヘリテージ,牡,8,57.0,魚住謙心,金沢鋤田誠二,,,2018101356
2026/07/27,金沢,,4,C24,ダ,1500,,9,2,2,ユーバーウィンデン,ジャスタウェイ,シビル,牡,6,57.0,甲賀弘隆,金沢佐藤茂,,,2020106960
2026/07/27,金沢,,4,C24,ダ,1500,,9,3,3,ネムレスクイーン,レッドファルクス,ベルモット,牝,5,55.0,沖静男,金沢川添明弘,,,2021107169
2026/07/27,金沢,,4,C24,ダ,1500,,9,4,4,ダイユウボンバー,レイデオロ,ラドラーダ,牝,4,55.0,中島龍也,金沢井樋一也,,,2022101943
2026/07/27,金沢,,4,C24,ダ,1500,,9,5,5,エイシンセラフィム,ジャスタウェイ,シビル,牡,6,57.0,田知弘久,金沢田嶋弘幸,,,2020106261
2026/07/27,金沢,,4,C24,ダ,1500,,9,6,6,スマイルムーン,アドマイヤムーン,マイケイティーズ,牝,7,55.0,青柳正義,金沢加藤和宏,,,2019102374
2026/07/27,金沢,,4,C24,ダ,1500,,9,7,7,ソルセルリ,ロードカナロア,レディブラッサム,牝,5,55.0,栗原大河,金沢菅原欣也,,,2021105231
2026/07/27,金沢,,4,C24,ダ,1500,,9,8,8,サクラソーレ,リオンディーズ,シーザリオ,セ,7,57.0,加藤翔馬,金沢加藤和義,,,2019106284
2026/07/27,金沢,,4,C24,ダ,1500,,9,8,9,ユリオプスイエロー,オーヴァルエース,アブラシオ,牝,4,55.0,柴田勇真,金沢田嶋弘幸,,,2022103370
2026/07/27,金沢,,5,すずしゅう20歳誕生日記念(C2),ダ,1500,,9,1,1,クイーンオブロード,ロードカナロア,レディブラッサム,牝,7,55.0,甲賀弘隆,金沢黒木豊,,,2019101152
2026/07/27,金沢,,5,すずしゅう20歳誕生日記念(C2),ダ,1500,,9,2,2,フランコニア,ベルシャザール,マルカキャンディ,牝,6,55.0,栗原大河,金沢菅原欣也,,,2020101507
2026/07/27,金沢,,5,すずしゅう20歳誕生日記念(C2),ダ,1500,,9,3,3,ワールドラブ,サンダースノー,Eastern Joy,牡,4,57.0,鈴木太一,金沢室井眞文,,,2022101205
2026/07/27,金沢,,5,すずしゅう20歳誕生日記念(C2),ダ,1500,,9,4,4,スーパーナニー,スピルバーグ,プリンセスオリビア,牝,5,55.0,松戸政也,金沢川添明弘,,,2021103382
2026/07/27,金沢,,5,すずしゅう20歳誕生日記念(C2),ダ,1500,,9,5,5,ゴールドリバース,ゴールドアクター,ヘイロンシン,牡,4,57.0,柴田勇真,金沢中川雅之,,,2022106849
2026/07/27,金沢,,5,すずしゅう20歳誕生日記念(C2),ダ,1500,,9,6,6,ヨドノストーリー,ヤマカツエース,ヤマカツマリリン,牡,6,54.0,浅野登生,金沢高橋優子,,,2020100893
2026/07/27,金沢,,5,すずしゅう20歳誕生日記念(C2),ダ,1500,,9,7,7,ビックハート,オルフェーヴル,オリエンタルアート,セ,9,57.0,吉田晃浩,金沢高橋優子,,,2017106423
2026/07/27,金沢,,5,すずしゅう20歳誕生日記念(C2),ダ,1500,,9,8,8,ジャンボリクイーン,ベストウォーリア,フラーテイシャスミス,牝,4,55.0,青柳正義,金沢中川雅之,,,2022107230
2026/07/27,金沢,,5,すずしゅう20歳誕生日記念(C2),ダ,1500,,9,8,9,ビーラブドウィッチ,マジェスティックウォリアー,Dream Supreme,牝,4,55.0,沖静男,金沢川添明弘,,,2022104017
2026/07/27,金沢,,6,能登復興支援 福浦港賞(C2),ダ,1400,,10,1,1,アポロリリー,ディープブリランテ,ラヴアンドバブルズ,牝,9,52.0,浅野登生,金沢室井眞文,,,2017100034
2026/07/27,金沢,,6,能登復興支援 福浦港賞(C2),ダ,1400,,10,2,2,ハイムリヒカイザー,イスラボニータ,イスラコジーン,牡,4,57.0,栗原大河,金沢佐藤茂,,,2022105641
2026/07/27,金沢,,6,能登復興支援 福浦港賞(C2),ダ,1400,,10,3,3,ジャッカルズサン,トーホウジャッカル,トーホウガイア,牡,6,57.0,葛山晃平,金沢藤田弘治,,,2020101393
2026/07/27,金沢,,6,能登復興支援 福浦港賞(C2),ダ,1400,,10,4,4,ブルートレーラー,ベルシャザール,マルカキャンディ,牝,4,55.0,青柳正義,金沢中川雅之,,,2022103975
2026/07/27,金沢,,6,能登復興支援 福浦港賞(C2),ダ,1400,,10,5,5,フミマーズ,アドマイヤマーズ,ヴィアメディチ,牝,4,55.0,魚住謙心,金沢堀場裕充,,,2022106154
2026/07/27,金沢,,6,能登復興支援 福浦港賞(C2),ダ,1400,,10,6,6,マイネルクロンヌ,オルフェーヴル,オリエンタルアート,牡,9,57.0,平瀬城久,金沢堀場裕充,,,2017102952
2026/07/27,金沢,,6,能登復興支援 福浦港賞(C2),ダ,1400,,10,7,7,ワンダフルガイ,デクラレーションオブウォー,Tempo West,牡,5,57.0,吉田晃浩,金沢田嶋弘幸,,,2021109081
2026/07/27,金沢,,6,能登復興支援 福浦港賞(C2),ダ,1400,,10,7,8,ナイトプラネット,ダノンシャンティ,シャンソネット,牝,5,55.0,中島龍也,金沢井樋一也,,,2021106220
2026/07/27,金沢,,6,能登復興支援 福浦港賞(C2),ダ,1400,,10,8,9,ティアップファイト,リオンディーズ,シーザリオ,セ,5,57.0,松戸政也,金沢菅原欣也,,,2021100725
2026/07/27,金沢,,6,能登復興支援 福浦港賞(C2),ダ,1400,,10,8,10,ラッキードラゴン,Unknown,Unknown,セ,5,57.0,加藤翔馬,金沢堀場裕充,,,2021102619
2026/07/27,金沢,,7,スマホで投票!楽天競馬特別(C2),ダ,1400,,12,1,1,イクアンロー,Unknown,Unknown,牝,4,55.0,吉田晃浩,金沢田嶋弘幸,,,2022105596
2026/07/27,金沢,,7,スマホで投票!楽天競馬特別(C2),ダ,1400,,12,2,2,ザブルース,Unknown,Unknown,牝,5,55.0,栗原大河,金沢池田敦,,,2021100121
2026/07/27,金沢,,7,スマホで投票!楽天競馬特別(C2),ダ,1400,,12,3,3,クツワファミリー,Unknown,Unknown,牡,6,57.0,加藤翔馬,金沢鋤田誠二,,,2020104626
2026/07/27,金沢,,7,スマホで投票!楽天競馬特別(C2),ダ,1400,,12,4,4,ワンモアチャンス,Unknown,Unknown,牝,5,55.0,服部大地,金沢菅原欣也,,,2021103816
2026/07/27,金沢,,7,スマホで投票!楽天競馬特別(C2),ダ,1400,,12,5,5,ガールズヒロイン,Unknown,Unknown,牝,8,55.0,葛山晃平,金沢佐藤茂,,,2018103386
2026/07/27,金沢,,7,スマホで投票!楽天競馬特別(C2),ダ,1400,,12,5,6,ルーンファクター,Unknown,Unknown,牡,6,57.0,松戸政也,金沢藤田弘治,,,2020106552
2026/07/27,金沢,,7,スマホで投票!楽天競馬特別(C2),ダ,1400,,12,6,7,アドバンスドリーム,Unknown,Unknown,牡,7,57.0,田知弘久,金沢田嶋弘幸,,,2019110087
2026/07/27,金沢,,7,スマホで投票!楽天競馬特別(C2),ダ,1400,,12,6,8,ディヴァージオン,Unknown,Unknown,牝,6,55.0,中島龍也,金沢加藤和宏,,,2020106144
2026/07/27,金沢,,7,スマホで投票!楽天競馬特別(C2),ダ,1400,,12,7,9,マードラド,Unknown,Unknown,セ,4,57.0,魚住謙心,金沢藤田弘治,,,2022107343
2026/07/27,金沢,,7,スマホで投票!楽天競馬特別(C2),ダ,1400,,12,7,10,ユメカナウケン,Unknown,Unknown,牝,5,55.0,沖静男,金沢川添明弘,,,2021109123
2026/07/27,金沢,,7,スマホで投票!楽天競馬特別(C2),ダ,1400,,12,8,11,クレバーピコ,Unknown,Unknown,牝,5,55.0,青柳正義,金沢佐藤茂,,,2021106085
2026/07/27,金沢,,7,スマホで投票!楽天競馬特別(C2),ダ,1400,,12,8,12,コウエツ,Unknown,Unknown,牝,5,55.0,柴田勇真,金沢池田敦,,,2021106922
2026/07/27,金沢,,8,油断大敵 水分補給を忘れずにしま賞(B2),ダ,1500,,9,1,1,ハクサンアンタレス,Unknown,Unknown,牡,4,57.0,加藤翔馬,金沢堀場裕充,,,2022100233
2026/07/27,金沢,,8,油断大敵 水分補給を忘れずにしま賞(B2),ダ,1500,,9,2,2,ユイノコキュウ,Unknown,Unknown,牡,5,57.0,田知弘久,金沢加藤和宏,,,2021106583
2026/07/27,金沢,,8,油断大敵 水分補給を忘れずにしま賞(B2),ダ,1500,,9,3,3,ドナデュボア,Unknown,Unknown,牝,5,55.0,沖静男,金沢井樋一也,,,2021103380
2026/07/27,金沢,,8,油断大敵 水分補給を忘れずにしま賞(B2),ダ,1500,,9,4,4,アルマイナンナ,Unknown,Unknown,牝,9,55.0,中島龍也,金沢加藤和宏,,,2017102945
2026/07/27,金沢,,8,油断大敵 水分補給を忘れずにしま賞(B2),ダ,1500,,9,5,5,セブンメイクハピー,Unknown,Unknown,牡,6,57.0,柴田勇真,金沢金田一昌,,,2020102437
2026/07/27,金沢,,8,油断大敵 水分補給を忘れずにしま賞(B2),ダ,1500,,9,6,6,グランヴァルール,Unknown,Unknown,牝,4,55.0,栗原大河,金沢菅原欣也,,,2022104131
2026/07/27,金沢,,8,油断大敵 水分補給を忘れずにしま賞(B2),ダ,1500,,9,7,7,セキレイ,Unknown,Unknown,牝,7,55.0,甲賀弘隆,金沢中川雅之,,,2019102025
2026/07/27,金沢,,8,油断大敵 水分補給を忘れずにしま賞(B2),ダ,1500,,9,8,8,フルゴリラ,Unknown,Unknown,牡,9,57.0,松戸政也,金沢菅原欣也,,,2017103402
2026/07/27,金沢,,8,油断大敵 水分補給を忘れずにしま賞(B2),ダ,1500,,9,8,9,カワキタオルゴ,Unknown,Unknown,牝,7,55.0,吉田晃浩,金沢池田敦,,,2019102973
2026/07/27,金沢,,9,夏野菜でおいしく水分とカリウム補給しま賞(B2),ダ,1400,,10,1,1,メイショウゴルシ,Unknown,Unknown,牡,6,57.0,中島龍也,金沢加藤和宏,,,2020106849
2026/07/27,金沢,,9,夏野菜でおいしく水分とカリウム補給しま賞(B2),ダ,1400,,10,2,2,ベルアーブル,Unknown,Unknown,牝,4,55.0,栗原大河,金沢宗綱泰彦,,,2022104593
2026/07/27,金沢,,9,夏野菜でおいしく水分とカリウム補給しま賞(B2),ダ,1400,,10,3,3,ランドシュール,Unknown,Unknown,牡,5,57.0,松戸政也,金沢川添明弘,,,2021102660
2026/07/27,金沢,,9,夏野菜でおいしく水分とカリウム補給しま賞(B2),ダ,1400,,10,4,4,マークオブゾロ,Unknown,Unknown,牡,4,57.0,葛山晃平,金沢川添明弘,,,2022103608
2026/07/27,金沢,,9,夏野菜でおいしく水分とカリウム補給しま賞(B2),ダ,1400,,10,5,5,スリーオウギ,Unknown,Unknown,セ,5,57.0,甲賀弘隆,金沢高橋優子,,,2021103244
2026/07/27,金沢,,9,夏野菜でおいしく水分とカリウム補給しま賞(B2),ダ,1400,,10,6,6,イフリーティア,Unknown,Unknown,牝,4,55.0,柴田勇真,金沢中川雅之,,,2022103649
2026/07/27,金沢,,9,夏野菜でおいしく水分とカリウム補給しま賞(B2),ダ,1400,,10,7,7,ユウトザイースト,Unknown,Unknown,牡,5,57.0,服部大地,金沢川添明弘,,,2021104661
2026/07/27,金沢,,9,夏野菜でおいしく水分とカリウム補給しま賞(B2),ダ,1400,,10,7,8,カクシン,Unknown,Unknown,牡,9,57.0,平瀬城久,金沢黒木豊,,,2017110119
2026/07/27,金沢,,9,夏野菜でおいしく水分とカリウム補給しま賞(B2),ダ,1400,,10,8,9,ノーブルジェネシス,Unknown,Unknown,牡,4,57.0,魚住謙心,金沢鋤田誠二,,,2022100680
2026/07/27,金沢,,9,夏野菜でおいしく水分とカリウム補給しま賞(B2),ダ,1400,,10,8,10,ソウルユニバンス,Unknown,Unknown,セ,9,57.0,青柳正義,金沢中川雅之,,,2017105358
2026/07/27,金沢,,10,新鮮野菜がいっぱい金沢山里朝市特別(B2),ダ,1400,,10,1,1,ハートロック,Unknown,Unknown,セ,8,57.0,米倉知,金沢藤田弘治,,,2018102268
2026/07/27,金沢,,10,新鮮野菜がいっぱい金沢山里朝市特別(B2),ダ,1400,,10,2,2,ゴルティス,Unknown,Unknown,牝,4,55.0,中島龍也,金沢井樋一也,,,2022107239
2026/07/27,金沢,,10,新鮮野菜がいっぱい金沢山里朝市特別(B2),ダ,1400,,10,3,3,アイオラナキラ,Unknown,Unknown,牝,4,55.0,甲賀弘隆,金沢加藤和宏,,,2022105941
2026/07/27,金沢,,10,新鮮野菜がいっぱい金沢山里朝市特別(B2),ダ,1400,,10,4,4,タンジェントアーク,Unknown,Unknown,セ,8,57.0,柴田勇真,金沢金田一昌,,,2018100752
2026/07/27,金沢,,10,新鮮野菜がいっぱい金沢山里朝市特別(B2),ダ,1400,,10,5,5,タントゥーム,Unknown,Unknown,牝,5,55.0,葛山晃平,金沢井樋一也,,,2021106299
2026/07/27,金沢,,10,新鮮野菜がいっぱい金沢山里朝市特別(B2),ダ,1400,,10,6,6,ブレイブゼウス,Unknown,Unknown,牡,7,57.0,青柳正義,金沢中川雅之,,,2019106277
2026/07/27,金沢,,10,新鮮野菜がいっぱい金沢山里朝市特別(B2),ダ,1400,,10,7,7,ドリームスパート,Unknown,Unknown,セ,4,57.0,平瀬城久,金沢池田敦,,,2022103294
2026/07/27,金沢,,10,新鮮野菜がいっぱい金沢山里朝市特別(B2),ダ,1400,,10,7,8,パインピーチ,Unknown,Unknown,牝,5,55.0,栗原大河,金沢池田敦,,,2021106463
2026/07/27,金沢,,10,新鮮野菜がいっぱい金沢山里朝市特別(B2),ダ,1400,,10,8,9,フレーズタルト,Unknown,Unknown,牝,5,52.0,浅野登生,金沢中川雅之,,,2021100742
2026/07/27,金沢,,10,新鮮野菜がいっぱい金沢山里朝市特別(B2),ダ,1400,,10,8,10,ブレイクネック,Unknown,Unknown,牡,6,57.0,加藤翔馬,金沢堀場裕充,,,2020103976
