horse_id,horse_name,date,course,weather,race_number,race_name,num_horses,bracket_number,horse_number,odds,popularity,rank,jockey,weight_carried,surface,distance,track_condition,time,margin,passing_order,last_3f,horse_weight,horse_weight,weight_diff,winner_name,prize
2020106948,トップダイヤ,2026/03/25,大井,雨,1,C3一,10,1,1,1.0,1.0,1,西啓太,56.0,ダ,1800.0,良,120.8,-0.1,2-2-2-1,40.5,488(-1),488.0,-1.0,(ドッチナンダイ),80.0
2020106948,トップダイヤ,2026/02/19,大井,晴,3,C3一,14,5,8,3.8,2.0,3,田中洸多,56.0,ダ,1800.0,良,119.3,0.8,5-5-4-6,39.9,489(-1),489.0,-1.0,テーオードリアン,20.0
2020106948,トップダイヤ,2026/01/15,大井,晴,1,C3一,12,8,12,6.9,2.0,1,田中洸多,56.0,ダ,2000.0,良,132.9,-0.1,3-3-3-3,39.8,490(+4),490.0,4.0,(メイショウトワニ),80.0
2020106948,トップダイヤ,2025/12/01,大井,晴,12,オリオン座特別競走(C2),16,7,14,21.3,5.0,8,西啓太,56.0,ダ,1800.0,良,119.1,1.8,2-2-2-2,40.0,486(+1),486.0,1.0,ロードアルディート,
2020106948,トップダイヤ,2025/11/14,大井,晴,1,C3一二,13,4,4,1.9,1.0,1,西啓太,56.0,ダ,1600.0,稍,104.2,-0.8,1-1-1-1,39.6,485(+12),485.0,12.0,(イケノギャルチャン),80.0
2020106948,トップダイヤ,2025/06/30,大井,晴,12,ヘラクレス座特別競走(C2),14,7,12,3.6,2.0,12,藤田凌,56.0,ダ,1800.0,良,119.0,2.5,6-6-8-11,41.2,473(-12),473.0,-12.0,ピンナダ,
2020106948,トップダイヤ,2025/06/10,大井,曇,10,万緑特別競走(C2),14,6,9,13.8,6.0,3,藤田凌,56.0,ダ,2000.0,稍,130.1,0.1,3-3-3-2,39.3,485(-1),485.0,-1.0,レライタム,45.0
2020106948,トップダイヤ,2025/05/20,大井,晴,10,うしかい座特別競走(C2),12,5,5,11.5,4.0,4,藤田凌,56.0,ダ,1800.0,稍,117.5,1.1,2-2-3-5,40.0,486(+1),486.0,1.0,カズピレウス,27.0
2020106948,トップダイヤ,2025/04/28,大井,雨,8,コープス・リバイバー(C213),14,5,8,12.2,4.0,7,藤田凌,56.0,ダ,1600.0,稍,103.1,1.3,10-10-9-10,39.4,485(-3),485.0,-3.0,ライシアム,
2020106948,トップダイヤ,2025/04/17,大井,晴,3,C3一,12,3,3,4.3,2.0,3,藤田凌,56.0,ダ,1800.0,良,116.9,0.2,2-2-2-2,39.8,488(-6),488.0,-6.0,サガノオウマサン,20.0
2020106948,トップダイヤ,2024/10/15,大井,晴,5,渋沢栄一が愛したまち(C2),13,3,3,5.7,3.0,12,大木天翔,56.0,ダ,1600.0,良,108.4,3.8,7-8-11-12,42.1,494(-4),494.0,-4.0,ブレストサンダー,
2020106948,トップダイヤ,2024/09/11,大井,晴,6,C2八九,11,5,5,11.3,5.0,2,大木天翔,56.0,ダ,1600.0,良,104.2,0.3,5-5-7-6,39.4,498(+1),498.0,1.0,サンバフレイバー,40.0
2020106948,トップダイヤ,2024/08/12,大井,晴,8,ブラック・ベルベット(C211),13,6,10,3.6,1.0,4,大木天翔,56.0,ダ,1600.0,良,105.7,0.5,5-7-8-7,39.8,497(+3),497.0,3.0,ハカイシン,15.0
2020106948,トップダイヤ,2024/07/29,大井,晴,8,マイアミ賞(C2),14,3,4,3.1,1.0,4,大木天翔,56.0,ダ,1600.0,良,105.8,1.5,7-8-10-9,40.0,494(-6),494.0,-6.0,ヴァイザーバルコ,15.0
2020106948,トップダイヤ,2024/06/24,大井,曇,8,シルビア賞(C2),12,7,10,1.7,1.0,1,大木天翔,56.0,ダ,1600.0,重,107.5,-0.3,5-5-7-6,42.5,500(+1),500.0,1.0,(サマーストーリー),100.0
2020106948,トップダイヤ,2024/06/04,大井,晴,1,C3五六,11,7,9,3.1,1.0,1,大木天翔,56.0,ダ,1600.0,不,104.6,-0.3,4-4-4-3,40.5,499(-6),499.0,-6.0,(ゴールドアバンティ),80.0
2020106948,トップダイヤ,2024/04/23,大井,曇,2,C3四五,16,4,8,2.9,1.0,15,大木天翔,56.0,ダ,1200.0,稍,78.0,2.1,15-15,38.9,505(-1),505.0,-1.0,ノビシロ,
2020106948,トップダイヤ,2024/04/08,大井,曇,1,C3八,12,5,6,1.4,1.0,1,大木天翔,56.0,ダ,1200.0,重,76.4,-0.1,6-4,38.4,506(+3),506.0,3.0,(イチゴショート),80.0
2020106948,トップダイヤ,2024/03/19,大井,曇,1,C3九,13,8,12,1.9,1.0,2,大木天翔,53.0,ダ,1200.0,良,76.6,0.6,7-7,38.8,503(-1),503.0,-1.0,ベジタブルストア,32.0
2020106948,トップダイヤ,2023/08/13,大井,曇,4,3歳42万円,12,6,8,4.9,2.0,4,大木天翔,53.0,ダ,1200.0,稍,75.9,0.8,12-12,38.2,504(0),504.0,0.0,レフトアローン,22.5
2020109049,テンポルバート,2026/03/25,大井,雨,1,C3一,10,2,2,17.3,3.0,3,田中洸多,54.0,ダ,1800.0,良,121.0,0.2,4-4-4-4,40.5,499(-3),499.0,-3.0,トップダイヤ,20.0
2020109049,テンポルバート,2026/03/10,大井,雨,2,C3五六,13,4,5,15.4,6.0,4,藤田凌,54.0,ダ,1200.0,稍,76.6,0.7,9-10,38.3,502(+6),502.0,6.0,ポンドスプリング,12.0
2020109049,テンポルバート,2025/09/15,大井,曇,8,スティンガー賞(C2),9,8,9,118.4,9.0,9,田中洸多,54.0,ダ,1600.0,稍,106.9,1.7,5-6-9-9,40.6,496(-1),496.0,-1.0,キバルスター,
2020109049,テンポルバート,2025/09/01,大井,晴,8,ピンク・ジン賞(C2),8,3,3,,,取,田中洸多,54.0,ダ,1600.0,良,,,,,計不,,,ケイリュウオー,
2020109049,テンポルバート,2025/08/11,大井,曇,6,C2九十11(C2十),14,6,9,125.3,13.0,12,田中洸多,54.0,ダ,1400.0,不,91.4,2.6,13-14-13,39.9,497(+6),497.0,6.0,シモグリ,
2020109049,テンポルバート,2025/07/14,大井,晴,8,アカプルコ賞(C2十),14,8,14,231.9,11.0,10,田中洸多,54.0,ダ,1400.0,稍,91.4,3.0,14-13-13,38.7,491(-4),491.0,-4.0,ウインサマースノー,
2020109049,テンポルバート,2025/07/01,大井,曇,8,カイピリーニャ賞(C2十),14,1,1,124.2,9.0,5,田中洸多,54.0,ダ,1400.0,良,89.1,1.8,8-6-6,39.2,495(-5),495.0,-5.0,ウインサマースノー,10.0
2020109049,テンポルバート,2025/06/11,大井,雨,4,C2七八九(C2八),14,7,11,89.5,12.0,11,田中洸多,54.0,ダ,1600.0,不,105.9,2.5,12-13-12-11,41.4,500(-4),500.0,-4.0,タオスワン,
2020109049,テンポルバート,2025/05/21,大井,晴,6,C2八九,12,6,8,149.1,10.0,7,田中洸多,54.0,ダ,1600.0,稍,104.1,2.6,5-6-6-7,40.4,504(+1),504.0,1.0,ラモラック,
2020109049,テンポルバート,2025/04/30,大井,晴,4,C2九十11(C2十),13,5,6,39.2,8.0,7,田中洸多,54.0,ダ,1600.0,稍,105.3,1.3,10-10-9-8,41.3,503(+1),503.0,1.0,スペシャルサンデー,
2020109049,テンポルバート,2025/04/16,大井,晴,5,C2九十,13,3,3,99.2,13.0,8,田中洸多,54.0,ダ,1600.0,稍,104.7,1.1,6-7-9-9,40.3,502(-2),502.0,-2.0,ムメ,
2020109049,テンポルバート,2025/03/25,大井,晴,12,カウンテスアップ賞(C2),14,8,13,16.6,6.0,10,田中洸多,51.0,ダ,1200.0,良,76.0,1.1,11-11,38.0,504(+2),504.0,2.0,ツーエムピシュー,
2020109049,テンポルバート,2025/03/11,大井,曇,9,C2十11,12,7,10,29.1,6.0,5,田中洸多,51.0,ダ,1200.0,重,75.4,0.5,6-6,38.5,502(+20),502.0,20.0,キタノマティーニ,10.0
2020109049,テンポルバート,2024/09/13,大井,晴,5,C2三四五(C2四),14,7,11,21.8,9.0,8,藤田凌,54.0,ダ,1400.0,良,90.2,1.2,11-11-12,38.6,482(-3),482.0,-3.0,ヴァイザーバルコ,
2020109049,テンポルバート,2024/08/15,大井,晴,8,テキーラ・サンセット(C2六),14,6,9,39.4,9.0,5,藤田凌,54.0,ダ,1200.0,良,75.5,1.3,13-12,37.8,485(-2),485.0,-2.0,ファサード,10.0
2020109049,テンポルバート,2024/07/11,大井,曇,12,C2二三四(C2三),16,5,9,52.3,12.0,7,西啓太,54.0,ダ,1200.0,良,76.1,0.9,14-11,39.1,487(0),487.0,0.0,ヤンノカステップ,
2020109049,テンポルバート,2024/06/28,大井,雨,5,C2二三四(C2三),14,3,3,42.4,10.0,6,達城龍次,54.0,ダ,1200.0,不,76.7,1.2,12-8,38.8,487(-7),487.0,-7.0,ダンシングラスカル,
2020109049,テンポルバート,2024/06/07,大井,晴,6,C2三四五(C2四),15,1,2,,,取,達城龍次,54.0,ダ,1200.0,良,,,,,計不,,,クチャモザクワジャ,
2020109049,テンポルバート,2024/05/17,大井,晴,6,C2三四五(C2四),14,7,11,133.4,13.0,7,達城龍次,54.0,ダ,1400.0,稍,89.9,1.7,11-9-9,39.0,494(+9),494.0,9.0,シントーハナノラン,
2020109049,テンポルバート,2024/04/26,大井,曇,5,C2三四,13,4,4,52.5,9.0,6,達城龍次,54.0,ダ,1600.0,重,107.1,2.4,8-8-8-7,42.7,485(-1),485.0,-1.0,キャプテンフジ,
2020109049,テンポルバート,2024/03/22,大井,晴,7,C2三四五(C2四),14,6,9,43.4,10.0,12,達城龍次,54.0,ダ,1600.0,良,106.5,2.0,13-13-14-14,41.0,486(-4),486.0,-4.0,ナムラレオ,
2020109049,テンポルバート,2024/03/01,大井,晴,8,C2二三,14,5,7,36.0,7.0,9,達城龍次,54.0,ダ,1600.0,不,107.8,1.8,9-10-9-9,43.3,490(+4),490.0,4.0,ロンギングタイム,
2020109049,テンポルバート,2024/02/16,大井,晴,8,C2二三,12,6,7,23.9,6.0,2,達城龍次,54.0,ダ,1600.0,良,105.7,0.6,9-9-6-6,41.2,486(+2),486.0,2.0,バクシンフォワード,40.0
2020109049,テンポルバート,2024/01/26,大井,晴,6,C2二三四(C2三),14,1,1,68.2,10.0,5,達城龍次,54.0,ダ,1600.0,稍,105.8,1.6,8-9-7-6,40.7,484(-6),484.0,-6.0,モズユウガ,10.0
2020109049,テンポルバート,2023/12/29,大井,晴,7,仲冬特別競走(C1),16,6,11,49.3,9.0,10,達城龍次,54.0,ダ,2000.0,良,134.4,1.5,11-11-11-12,41.5,490(+8),490.0,8.0,シャンボール,
2020109049,テンポルバート,2023/12/07,大井,晴,7,C1C2選抜牝馬(C1C2),13,6,8,3.6,2.0,4,達城龍次,55.0,ダ,1600.0,良,106.9,0.6,11-11-10-8,40.6,482(-3),482.0,-3.0,シントーヨーキヒ,15.0
2020109049,テンポルバート,2023/11/13,大井,晴,8,イエロー・パロット賞(C1),12,2,2,14.1,7.0,3,達城龍次,54.0,ダ,1600.0,良,105.6,0.4,4-4-7-5,41.1,485(+3),485.0,3.0,ロードオブシャドウ,30.0
2020109049,テンポルバート,2023/11/03,大井,晴,5,C2三四,13,6,9,6.9,4.0,3,達城龍次,54.0,ダ,1600.0,良,106.5,0.9,7-8-7-6,41.9,482(+1),482.0,1.0,ヨシノローズ,25.0
2020109049,テンポルバート,2023/10/04,大井,雨,10,とかげ座特別競走(C2),16,3,6,18.0,7.0,9,山崎誠士,54.0,ダ,1700.0,不,109.7,1.9,10-9-14-14,39.5,481(-6),481.0,-6.0,ウィズフィリップ,
2020109049,テンポルバート,2023/09/22,大井,曇,1,3歳280.,14,8,13,30.3,8.0,3,達城龍次,54.0,ダ,1600.0,稍,103.1,0.6,6-6-5-4,39.9,487(+7),487.0,7.0,ルフレーヴ,37.5
2020109049,テンポルバート,2023/03/31,大井,晴,1,3歳319.,10,7,8,36.5,8.0,8,山崎誠士,54.0,ダ,1600.0,重,103.0,1.7,9-8-9-9,38.2,480(+2),480.0,2.0,ハッピーエンド,
2020109049,テンポルバート,2023/03/08,大井,晴,10,ムスカリ特別競走(3歳),14,1,1,8.0,4.0,7,山崎誠士,54.0,ダ,1400.0,良,89.0,1.0,12-10-11,38.1,478(-8),478.0,-8.0,ハナノウタ,
2020109049,テンポルバート,2023/01/26,大井,晴,5,3歳234万,12,2,2,5.7,3.0,1,山崎誠士,54.0,ダ,1600.0,良,104.1,-0.7,11-11-11-10,39.5,486(0),486.0,0.0,(ツルマルベル),170.0
2020109049,テンポルバート,2022/12/29,大井,晴,1,突き抜けろTCK賞(2歳),12,2,2,6.0,4.0,5,山崎誠士,54.0,ダ,1600.0,稍,103.8,0.4,12-12-12-11,38.6,486(+3),486.0,3.0,マザオ,21.0
2020109049,テンポルバート,2022/12/08,大井,晴,4,選抜牝馬(2歳),13,7,11,2.4,1.0,3,山崎誠士,54.0,ダ,1600.0,不,104.8,0.3,8-9-7-7,39.3,483(-5),483.0,-5.0,サブノチャンス,52.5
2020109049,テンポルバート,2022/11/18,大井,晴,3,2歳新馬(新馬),9,7,7,7.1,3.0,2,山崎誠士,54.0,ダ,1800.0,良,119.9,0.1,6-6-5-4,38.3,488(0),488.0,0.0,ナンセイホワイト,96.0
2022102111,ゴルデューク,2026/03/25,大井,雨,1,C3一,10,3,3,193.4,10.0,5,杉山海波,53.0,ダ,1800.0,良,121.4,0.6,7-8-8-7,40.4,464(-1),464.0,-1.0,トップダイヤ,8.0
2022102111,ゴルデューク,2026/03/10,大井,雨,2,C3五六,13,4,6,191.9,9.0,9,田中洸多,56.0,ダ,1200.0,稍,77.5,1.6,12-12,38.7,465(-7),465.0,-7.0,ポンドスプリング,
2022102111,ゴルデューク,2026/02/18,大井,晴,1,C3四五,12,7,11,458.1,11.0,10,山林堂信,56.0,ダ,1200.0,稍,77.3,1.7,6-6,39.2,472(+7),472.0,7.0,ビューティフルベル,
2022102111,ゴルデューク,2026/01/28,大井,晴,1,C3四五,12,5,6,371.5,10.0,7,山林堂信,56.0,ダ,1200.0,良,77.2,1.1,10-9,38.3,465(-1),465.0,-1.0,カーラエスメラルダ,
2022102111,ゴルデューク,2026/01/14,大井,晴,1,C3四五,13,8,12,347.3,10.0,10,山林堂信,56.0,ダ,1600.0,良,106.8,2.3,8-9-9-10,41.9,466(-2),466.0,-2.0,シャークル,
2022102111,ゴルデューク,2025/12/31,大井,晴,1,3歳一二,11,1,1,267.2,10.0,8,山林堂信,56.0,ダ,1600.0,稍,106.9,2.7,8-9-10-10,41.6,468(+5),468.0,5.0,ロイヤルテール,
2022102111,ゴルデューク,2025/12/05,大井,晴,2,坂井市越前がに賞(3歳二),13,5,6,406.6,13.0,10,田中洸多,56.0,ダ,1400.0,良,90.9,2.9,13-12-11,39.7,463(-2),463.0,-2.0,ライジングショット,
2022102111,ゴルデューク,2025/11/12,大井,晴,1,3歳一二,12,6,8,139.7,10.0,11,菅原涼太,56.0,ダ,1600.0,稍,107.0,4.3,12-12-12-12,42.4,465(+8),465.0,8.0,コパカバーナ,
2022102111,ゴルデューク,2025/10/22,大井,雨,5,ナカペイとアニメも中(3歳),11,1,1,71.5,7.0,7,山林堂信,56.0,ダ,1600.0,重,107.2,2.4,5-4-6-6,41.7,457(+9),457.0,9.0,クリプトス,
2022102111,ゴルデューク,2025/09/15,大井,曇,6,3歳八九,12,3,3,14.6,4.0,5,山林堂信,56.0,ダ,1400.0,稍,91.2,1.5,7-6-6,40.9,448(+2),448.0,2.0,アレグリーニ,15.0
2022102111,ゴルデューク,2025/09/01,大井,晴,6,3歳九十,13,1,1,162.0,12.0,4,山林堂信,56.0,ダ,1400.0,良,90.3,1.0,6-8-7,39.2,446(-2),446.0,-2.0,ゴージャスドラゴン,22.5
2022102111,ゴルデューク,2025/08/12,大井,曇,3,3歳七八九(3歳八),9,5,5,256.6,9.0,9,田中洸多,56.0,ダ,1600.0,重,107.4,3.8,9-9-9-9,42.1,448(+5),448.0,5.0,デスタン,
2022102111,ゴルデューク,2025/07/14,大井,晴,4,3歳九十,13,5,7,338.5,13.0,10,田中洸多,56.0,ダ,1400.0,稍,91.7,3.2,12-11-10,39.3,443(-3),443.0,-3.0,ウイニングショット,
2022102111,ゴルデューク,2025/06/30,大井,晴,5,3歳111213(3歳12),9,1,1,234.3,8.0,5,田中洸多,56.0,ダ,1600.0,良,107.2,2.4,8-8-6-6,41.6,446(-7),446.0,-7.0,サンライズアルズ,15.0
2022102111,ゴルデューク,2025/06/10,大井,雨,4,3歳十11,14,4,6,375.4,14.0,13,田中洸多,56.0,ダ,1600.0,稍,108.5,4.3,14-14-11-11,42.6,453(0),453.0,0.0,コパノマデリン,
2022102111,ゴルデューク,2025/05/20,大井,晴,2,3歳1213,14,6,10,424.8,13.0,13,田中洸多,56.0,ダ,1400.0,稍,91.6,3.5,14-13-13,39.2,453(+3),453.0,3.0,フタバサクセス,
2022102111,ゴルデューク,2025/04/28,大井,曇,5,3歳1314,12,8,14,232.1,12.0,7,谷内貫太,55.0,ダ,1400.0,稍,91.4,1.3,8-8-8,39.5,450(-1),450.0,-1.0,モナミ,
2022102111,ゴルデューク,2025/04/15,大井,晴,5,3歳十1112(3歳11),14,2,2,348.2,14.0,11,田中洸多,56.0,ダ,1200.0,重,77.4,2.3,10-12,38.9,451(-5),451.0,-5.0,ゴージャスレディ,
2022102111,ゴルデューク,2025/03/25,大井,晴,3,3歳九十11(3歳十),9,4,4,297.3,9.0,8,田中洸多,53.0,ダ,1600.0,稍,107.6,3.1,7-7-7-8,42.5,456(-4),456.0,-4.0,インティコン,
2022102111,ゴルデューク,2025/03/11,大井,曇,3,3歳111213(3歳12),10,6,6,39.1,8.0,7,田中洸多,53.0,ダ,1600.0,重,108.8,2.5,9-9-5-5,43.2,460(+4),460.0,4.0,コンティニュー,
2022102111,ゴルデューク,2025/02/18,大井,晴,5,3歳八九,14,3,3,149.9,13.0,10,田中洸多,53.0,ダ,1400.0,良,92.2,1.9,13-12-10,40.3,456(0),456.0,0.0,ステーレンリヒト,
2022102111,ゴルデューク,2025/01/29,大井,晴,4,目黒川賞(3歳),13,3,3,106.1,11.0,9,菅原涼太,56.0,ダ,1400.0,良,93.3,1.9,12-13-13,38.9,456(-3),456.0,-3.0,ベゼールト,
2022102111,ゴルデューク,2025/01/15,大井,晴,6,3歳八九,14,3,3,300.8,11.0,9,菅原涼太,56.0,ダ,1200.0,良,78.6,2.6,10-11,40.0,459(+3),459.0,3.0,サンサンラルーナ,
2022102111,ゴルデューク,2024/12/27,大井,晴,2,2歳七八,8,5,5,146.6,8.0,6,菅原涼太,55.0,ダ,1400.0,良,92.0,2.1,5-7-7,40.2,456(+2),456.0,2.0,カガヤキテンマ,
2022102111,ゴルデューク,2024/12/02,大井,晴,3,2歳七八,12,8,12,281.5,11.0,7,菅原涼太,55.0,ダ,1400.0,良,91.7,2.7,12-12-12,40.0,454(+1),454.0,1.0,ウータンビート,
2022102111,ゴルデューク,2024/11/08,大井,晴,3,2歳三四,14,6,9,265.7,14.0,8,菅原涼太,55.0,ダ,1400.0,良,93.3,3.1,11-12-12,41.1,453(+13),453.0,13.0,ペコリ,
2022102111,ゴルデューク,2024/10/15,大井,晴,3,あなたも私もねりま推(2歳),8,2,2,10.2,3.0,7,大木天翔,55.0,ダ,1400.0,良,94.1,1.6,8-8-8,40.6,440(-1),440.0,-1.0,ハイヌーンロマンス,
2022102111,ゴルデューク,2024/09/30,大井,曇,4,2歳五六,9,6,6,43.4,7.0,5,大木天翔,54.0,ダ,1400.0,良,92.0,2.1,9-8-7,40.9,441(+8),441.0,8.0,グリークトレジャー,32.0
2022102111,ゴルデューク,2024/09/10,大井,晴,4,2歳五六,8,7,7,25.8,6.0,5,大木天翔,54.0,ダ,1400.0,良,93.4,0.6,7-7-7,40.8,433(0),433.0,0.0,ディックコンチ,32.0
2022102111,ゴルデューク,2024/08/14,大井,晴,4,2歳三四,8,1,1,51.8,7.0,6,菅原涼太,54.0,ダ,1400.0,良,92.4,1.6,8-8-8,39.8,433(-6),433.0,-6.0,バブリングストーン,
2022102111,ゴルデューク,2024/08/01,大井,晴,3,2歳四,9,8,8,28.1,7.0,6,大木天翔,54.0,ダ,1200.0,良,79.1,2.6,7-7,42.1,439(-2),439.0,-2.0,グランスミス,
2022102111,ゴルデューク,2024/07/11,大井,曇,5,2歳新馬(新馬),7,1,1,67.0,7.0,4,藤田凌,54.0,ダ,1600.0,良,108.4,3.0,7-7-7-7,41.1,441(0),441.0,0.0,ナイトウォーリア,67.5
2022105947,カンタベリーバイク,2026/03/25,大井,雨,1,C3一,10,4,4,127.8,9.0,7,古岡勇樹,56.0,ダ,1800.0,良,121.8,1.0,3-3-5-6,41.2,474(+8),474.0,8.0,トップダイヤ,
2022105947,カンタベリーバイク,2026/03/10,大井,雨,1,C3五六,14,6,10,113.1,12.0,9,高橋優,53.0,ダ,1600.0,稍,107.6,1.3,11-12-11-12,41.1,466(+6),466.0,6.0,ワールドフォンテン,
2022105947,カンタベリーバイク,2026/02/17,大井,晴,2,C3六七,13,5,6,68.6,10.0,9,古岡勇樹,56.0,ダ,1600.0,稍,107.7,1.2,9-9-10-9,41.6,460(+8),460.0,8.0,ゴッドモード,
2022105947,カンタベリーバイク,2025/09/06,佐賀,晴,3,チャレンジシリーズ(C2),9,4,4,15.3,7.0,4,山下裕貴,56.0,ダ,1300.0,良,86.1,0.6,4-4-2-2,39.6,452(-5),452.0,-5.0,レイズミーアップ,4.8
2022105947,カンタベリーバイク,2025/08/23,佐賀,曇,6,C2ー11組,11,1,1,14.2,3.0,10,竹吉徹,56.0,ダ,1400.0,不,92.9,2.3,3-3-6-9,41.5,457(+8),457.0,8.0,ルーンサフィール,
2022105947,カンタベリーバイク,2025/07/21,佐賀,晴,6,スターライト特別(3歳),11,8,10,6.0,4.0,7,竹吉徹,56.0,ダ,1400.0,重,92.7,2.6,7-6-6-7,41.4,449(-9),449.0,-9.0,ソイジャガー,
2022105947,カンタベリーバイク,2025/06/08,高知,曇,2,3歳ー3,8,6,6,41.6,7.0,1,岡村卓弥,57.0,ダ,1400.0,稍,93.2,0.0,7-6-6-3,41.2,458(+4),458.0,4.0,(コールイングミー),60.0
2022105947,カンタベリーバイク,2025/05/25,高知,晴,2,3歳ー4,9,3,3,44.6,6.0,7,岡村卓弥,57.0,ダ,1300.0,不,87.1,1.2,6-6-7-5,40.8,454(-4),454.0,-4.0,リケアブラック,
2022105947,カンタベリーバイク,2025/05/11,高知,小雨,2,3歳ー5,10,6,6,6.8,3.0,4,岡村卓弥,57.0,ダ,1600.0,不,110.1,1.6,4-4-4-3,39.0,458(-4),458.0,-4.0,ケーニッヒブルート,9.0
2022105947,カンタベリーバイク,2025/04/27,高知,晴,3,3歳ー3,10,8,10,13.6,4.0,4,岡村卓弥,57.0,ダ,1300.0,稍,87.2,1.1,6-5-5-5,41.3,462(+4),462.0,4.0,エッグハント,9.0
2022105947,カンタベリーバイク,2025/02/24,高知,晴,2,3歳ー3,9,2,2,1.5,1.0,4,岡村卓弥,56.0,ダ,1300.0,良,88.5,0.5,4-3-3-2,41.5,458(-6),458.0,-6.0,クーファグレース,9.0
2022105947,カンタベリーバイク,2025/02/09,高知,晴,1,情報セキュリティ特別(3歳),8,8,8,2.5,2.0,1,岡村卓弥,56.0,ダ,1400.0,稍,95.6,-0.3,4-3-4-3,41.7,464(+16),464.0,16.0,(ナギサノジョジョ),60.0
2022105947,カンタベリーバイク,2024/12/15,7京都6,晴,3,2歳未勝利,14,3,3,650.0,14.0,13,古川吉洋,56.0,ダ,1800.0,良,118.9,3.8,10-10-13-13,40.2,448(-2),448.0,-2.0,サマーナイト,
2022105947,カンタベリーバイク,2024/12/01,5中山2,晴,2,2歳未勝利,16,6,11,578.6,15.0,11,小林脩斗,54.0,ダ,1800.0,良,117.9,2.1,8-8-8-9,40.7,450(-4),450.0,-4.0,バタール,
2022105947,カンタベリーバイク,2024/11/16,3福島5,晴,3,2歳未勝利,15,5,9,288.7,13.0,9,古川吉洋,56.0,ダ,1700.0,良,109.7,3.7,7-7-6-7,40.1,454(-4),454.0,-4.0,ベリタバグス,
2022105947,カンタベリーバイク,2024/10/14,4東京4,晴,3,2歳未勝利,12,8,11,423.1,12.0,8,小林脩斗,54.0,ダ,1600.0,良,101.0,3.0,7-7,39.1,458(+10),458.0,10.0,ゴーゴーステーツ,
2022105947,カンタベリーバイク,2024/09/21,4中山6,曇,1,2歳未勝利,11,2,2,327.9,11.0,10,長浜鴻緒,52.0,ダ,1200.0,良,74.9,2.1,9-9,38.3,448(0),448.0,0.0,スリーピース,
2022105947,カンタベリーバイク,2024/09/01,2札幌8,晴,2,2歳未勝利,12,6,8,241.3,11.0,10,古川奈穂,51.0,芝,2000.0,稍,127.7,2.2,5-5-11-11,38.6,448(0),448.0,0.0,マハートマーベル,
2022105947,カンタベリーバイク,2024/08/17,3新潟3,晴,3,2歳未勝利,15,2,3,169.0,13.0,12,木幡巧也,55.0,ダ,1200.0,良,76.0,3.0,14-14,38.6,448(+8),448.0,8.0,ニシノリンダ,
2022105947,カンタベリーバイク,2024/06/29,1函館7,晴,5,2歳新馬,9,3,3,114.4,9.0,9,古川吉洋,55.0,芝,1200.0,良,74.5,5.1,9-9,36.1,440(0),440.0,0.0,エンドレスサマー,
2022105540,ブライトゲイザー,2026/03/25,大井,雨,1,C3一,10,5,5,18.4,4.0,9,達城龍次,56.0,ダ,1800.0,良,122.3,1.5,5-5-5-5,41.7,494(-6),494.0,-6.0,トップダイヤ,
2022105540,ブライトゲイザー,2026/03/11,大井,晴,2,C3三四,12,7,10,5.9,4.0,10,藤本現暉,56.0,ダ,1200.0,良,76.6,1.2,6-7,39.4,500(+1),500.0,1.0,ウイントルヴェール,
2022105540,ブライトゲイザー,2026/02/19,大井,晴,3,C3一,14,2,2,53.6,8.0,8,達城龍次,56.0,ダ,1800.0,良,120.3,1.8,2-2-2-2,41.0,499(-1),499.0,-1.0,テーオードリアン,
2022105540,ブライトゲイザー,2026/01/28,大井,晴,2,C3四五,14,2,2,20.2,6.0,6,達城龍次,56.0,ダ,1600.0,良,106.0,0.8,7-8-8-6,40.8,500(-1),500.0,-1.0,ロードオブキング,
2022105540,ブライトゲイザー,2026/01/15,大井,晴,1,C3一,12,5,6,28.8,8.0,5,達城龍次,56.0,ダ,2000.0,良,133.6,0.7,9-9-8-8,40.1,501(-6),501.0,-6.0,トップダイヤ,8.0
2022105540,ブライトゲイザー,2025/12/31,大井,晴,2,3歳一二,14,7,12,63.8,9.0,8,新原周馬,56.0,ダ,1200.0,稍,75.9,1.1,8-7,38.8,507(+3),507.0,3.0,ニジノカナタニ,
2022105540,ブライトゲイザー,2025/12/05,大井,晴,3,被爆ピアノが奏でる平(3歳二),13,4,5,2.8,2.0,10,笹川翼,56.0,ダ,1200.0,良,77.8,2.4,6-4,41.0,504(+2),504.0,2.0,ビップクララ,
2022105540,ブライトゲイザー,2025/08/17,1札幌8,雨,3,3歳未勝利,15,5,10,44.6,9.0,10,池添謙一,57.0,芝,2000.0,良,123.8,1.4,2-2-2-2,38.2,502(+6),502.0,6.0,ヒルノレーダン,
2022105540,ブライトゲイザー,2025/06/22,3東京6,晴,4,3歳未勝利,16,5,9,115.9,10.0,10,丸山元気,57.0,芝,1800.0,良,108.6,2.3,11-11-10,36.1,496(-8),496.0,-8.0,サクラファレル,
2022105540,ブライトゲイザー,2025/05/04,2東京4,晴,4,3歳未勝利,15,7,13,19.4,7.0,13,横山典弘,57.0,芝,1600.0,良,94.9,1.6,1-1,36.4,504(+6),504.0,6.0,アセンブリールーム,
2022105540,ブライトゲイザー,2025/04/20,1福島4,曇,5,3歳未勝利,16,5,9,9.1,4.0,5,菊沢一樹,57.0,芝,2000.0,良,122.3,0.9,6-6-5-2,35.8,498(+6),498.0,6.0,ピジョンポイント,56.0
2022105540,ブライトゲイザー,2025/03/02,2中山2,晴,2,3歳未勝利,16,2,4,6.2,3.0,9,津村明秀,57.0,ダ,1800.0,良,118.9,3.4,11-10-9-6,42.0,492(+6),492.0,6.0,アイオリア,
2022105540,ブライトゲイザー,2025/01/11,1中山3,晴,5,3歳新馬,18,4,8,20.6,6.0,4,津村明秀,57.0,芝,2000.0,良,124.5,0.4,6-6-8-8,36.0,486(0),486.0,0.0,エナジーショット,93.0
2017106649,ガニュメデスレイ,2026/03/25,大井,雨,1,C3一,10,6,6,33.7,6.0,4,江里口裕,56.0,ダ,1800.0,良,121.1,0.3,9-9-9-10,39.8,439(+4),439.0,4.0,トップダイヤ,12.0
2017106649,ガニュメデスレイ,2026/03/11,大井,晴,1,C3三四,14,6,10,238.6,14.0,7,江里口裕,56.0,ダ,1600.0,良,105.7,0.7,13-13-13-13,40.0,435(0),435.0,0.0,ライシアム,
2017106649,ガニュメデスレイ,2026/02/18,大井,晴,1,C3四五,12,6,8,210.5,9.0,7,江里口裕,56.0,ダ,1200.0,稍,76.6,1.0,9-9,37.9,435(-1),435.0,-1.0,ビューティフルベル,
2017106649,ガニュメデスレイ,2026/01/29,大井,晴,1,C3一二三(C3二),12,7,9,200.6,11.0,9,高橋優,53.0,ダ,1400.0,良,91.2,1.9,11-11-11,39.1,436(+2),436.0,2.0,ベンハー,
2017106649,ガニュメデスレイ,2026/01/14,大井,晴,2,C3四五,15,1,1,,,取,江里口裕,56.0,ダ,1200.0,良,,,,,計不,,,コトリノサエズリ,
2017106649,ガニュメデスレイ,2025/12/25,大井,曇,1,C3一二,14,3,3,35.3,9.0,10,安藤洋一,56.0,ダ,1600.0,重,105.3,1.4,12-12-13-13,39.3,434(+5),434.0,5.0,ゴールデンオージャ,
2017106649,ガニュメデスレイ,2025/12/03,大井,曇,1,C3一二,14,5,7,33.3,8.0,6,野畑凌,56.0,ダ,1600.0,良,106.4,1.4,9-9-12-12,40.5,429(+1),429.0,1.0,ゴールデンオージャ,
2017106649,ガニュメデスレイ,2025/11/13,大井,曇,1,C3三四,12,3,3,20.8,7.0,4,野畑凌,56.0,ダ,1600.0,稍,105.6,0.6,11-11-10-10,39.7,428(-3),428.0,-3.0,ミンナノブンモ,12.0
2017106649,ガニュメデスレイ,2025/10/22,大井,雨,1,C3一二,14,1,1,118.8,12.0,9,野畑凌,56.0,ダ,1600.0,稍,106.3,1.5,14-14-14-14,40.3,431(+4),431.0,4.0,シャークウォーニン,
2017106649,ガニュメデスレイ,2025/10/06,大井,曇,1,C3三四五(C3四),12,5,6,13.4,5.0,7,野畑凌,56.0,ダ,1600.0,良,106.6,0.8,9-9-9-9,40.4,427(0),427.0,0.0,ノアサンサン,
2017106649,ガニュメデスレイ,2025/09/16,大井,晴,1,C3三四五(C3四),14,8,13,14.8,6.0,4,野畑凌,56.0,ダ,1600.0,稍,105.0,1.3,7-8-7-6,41.0,427(0),427.0,0.0,アイアムイブシギン,12.0
2017106649,ガニュメデスレイ,2025/09/04,大井,曇,1,C3三四,12,5,6,10.5,4.0,7,野畑凌,56.0,ダ,1600.0,良,106.0,1.3,3-2-3-3,42.5,427(0),427.0,0.0,シャークウォーニン,
2017106649,ガニュメデスレイ,2025/08/14,大井,晴,1,C3三四,13,8,12,88.2,11.0,2,野畑凌,56.0,ダ,1600.0,稍,105.3,0.0,5-1-2-2,39.6,427(+2),427.0,2.0,シャークウォーニン,32.0
2017106649,ガニュメデスレイ,2025/07/16,大井,雨,1,C3四五,11,1,1,64.0,10.0,9,藤本現暉,56.0,ダ,1600.0,不,106.9,2.2,7-7-8-8,41.2,425(0),425.0,0.0,ケイリュウオー,
2017106649,ガニュメデスレイ,2025/07/02,大井,曇,1,C3三四,10,8,10,11.8,3.0,5,野畑凌,56.0,ダ,1600.0,良,105.0,1.4,3-3-3-3,41.4,425(0),425.0,0.0,ヘデンバージャイト,8.0
2017106649,ガニュメデスレイ,2025/06/12,大井,曇,1,C3三四,11,6,8,28.2,6.0,6,野畑凌,56.0,ダ,1600.0,重,104.6,1.7,6-6-6-6,41.3,425(-1),425.0,-1.0,ディーノエナジー,
2017106649,ガニュメデスレイ,2025/05/21,大井,晴,1,C3三四,13,6,9,40.1,8.0,9,野畑凌,56.0,ダ,1600.0,稍,105.6,2.4,10-10-7-7,41.2,426(+1),426.0,1.0,ノアサンサン,
2017106649,ガニュメデスレイ,2025/01/14,大井,晴,3,C3四五,9,8,8,37.2,5.0,7,野畑凌,56.0,ダ,1600.0,稍,106.5,1.6,6-6-6-5,41.1,425(-6),425.0,-6.0,ドビーフラッシュ,
2017106649,ガニュメデスレイ,2024/12/31,大井,晴,1,C3一二,13,3,3,31.3,9.0,7,野畑凌,56.0,ダ,1600.0,良,106.2,1.1,10-10-9-9,40.2,431(+2),431.0,2.0,ミラキュラスシティ,
2017106649,ガニュメデスレイ,2024/12/06,大井,晴,1,しながわデー開催賞(C3),14,2,2,21.1,10.0,7,野畑凌,56.0,ダ,1600.0,良,105.3,0.6,4-4-5-3,41.1,429(+6),429.0,6.0,エルマスフエルテ,
2017106649,ガニュメデスレイ,2024/11/08,大井,晴,1,C3一二,13,3,4,7.7,5.0,7,野畑凌,56.0,ダ,1600.0,良,106.9,0.6,13-13-12-12,41.9,423(-1),423.0,-1.0,ホクトローリー,
2017106649,ガニュメデスレイ,2024/10/15,大井,晴,1,C3三四,14,2,2,12.6,4.0,11,野畑凌,56.0,ダ,1400.0,良,91.8,2.9,9-10-10,40.3,424(+3),424.0,3.0,ラモラック,
2017106649,ガニュメデスレイ,2024/09/30,大井,曇,1,C3三四五(C3四),13,6,9,3.6,2.0,4,野畑凌,56.0,ダ,1600.0,良,106.3,0.9,13-13-11-10,40.4,421(-2),421.0,-2.0,ベリーズフレイバー,12.0
2017106649,ガニュメデスレイ,2024/09/11,大井,晴,1,C3四五,13,5,6,4.2,2.0,1,野畑凌,56.0,ダ,1600.0,良,104.4,-0.2,9-9-8-7,39.7,423(0),423.0,0.0,(コウユープリティー),80.0
2017106649,ガニュメデスレイ,2024/08/13,大井,晴,1,C3四五,12,7,9,54.5,7.0,3,藤本現暉,56.0,ダ,1600.0,良,104.7,1.0,9-9-8-8,40.3,423(+6),423.0,6.0,レオナイン,20.0
2017106649,ガニュメデスレイ,2024/08/01,大井,晴,1,C3四五,13,8,13,8.9,5.0,10,岡村健司,56.0,ダ,1600.0,良,107.7,2.6,9-6-5-5,42.6,417(0),417.0,0.0,グラフィア,
2017106649,ガニュメデスレイ,2024/07/09,大井,晴,1,C3四五六(C3五),13,1,1,22.6,8.0,3,岡村健司,56.0,ダ,1600.0,稍,105.0,0.6,5-4-5-4,41.0,417(+1),417.0,1.0,キセキニャン,20.0
2017106649,ガニュメデスレイ,2024/06/24,大井,晴,1,C3一,8,8,8,20.5,7.0,4,鷹見陸,54.0,ダ,1700.0,重,112.7,0.3,5-5-5-4,39.9,416(-3),416.0,-3.0,イッツバッド,12.0
2017106649,ガニュメデスレイ,2024/06/03,大井,晴,1,C3一,11,8,11,36.1,6.0,6,鷹見陸,54.0,ダ,1800.0,重,120.6,3.3,8-8-8-8,40.6,419(+5),419.0,5.0,バンクサイド,
2017106649,ガニュメデスレイ,2024/05/17,大井,晴,1,C3一,12,8,11,8.3,4.0,4,鷹見陸,53.0,ダ,1800.0,重,122.2,1.4,10-9-6-4,39.7,414(-11),414.0,-11.0,ジンバブジ,12.0
2017106649,ガニュメデスレイ,2024/04/23,大井,曇,1,C3四五,14,3,3,38.2,8.0,5,鷹見陸,53.0,ダ,1600.0,稍,106.4,2.0,13-12-12-10,40.8,425(-1),425.0,-1.0,ミラキュラスシティ,8.0
2017106649,ガニュメデスレイ,2024/04/11,大井,晴,1,C3四五,14,8,14,7.8,4.0,12,西啓太,56.0,ダ,1600.0,稍,108.1,4.0,14-14-13-14,41.6,426(-2),426.0,-2.0,ゴールデンエール,
2017106649,ガニュメデスレイ,2024/03/20,大井,曇,2,C3六七八(C3七),14,7,11,4.7,2.0,7,西啓太,56.0,ダ,1400.0,良,92.8,1.2,11-10-10,41.1,428(-2),428.0,-2.0,ミスヒカリ,
2017106649,ガニュメデスレイ,2023/10/02,大井,晴,5,C21213,13,4,4,39.8,8.0,6,西啓太,56.0,ダ,1600.0,良,103.9,1.5,13-13-11-10,39.8,430(+4),430.0,4.0,アンチフラジャイル,
2017106649,ガニュメデスレイ,2023/09/19,大井,晴,1,エキサイティングリレ(C3),14,4,6,22.8,6.0,5,西啓太,56.0,ダ,1600.0,稍,104.0,0.8,13-12-10-10,38.8,426(-1),426.0,-1.0,チュートリス,8.0
2017106649,ガニュメデスレイ,2023/09/08,大井,雨,1,C3一二,0,1,1,,,,西啓太,56.0,ダ,1600.0,不,,,,,計不,,,,
2017106649,ガニュメデスレイ,2023/08/17,大井,晴,2,C3一二三(C3二),11,7,9,77.7,7.0,4,西啓太,56.0,ダ,1400.0,重,88.3,2.0,11-10-10,37.5,427(-2),427.0,-2.0,グレッチャー,12.0
2017106649,ガニュメデスレイ,2023/08/04,大井,晴,1,C3一二,14,4,5,26.1,8.0,9,西啓太,56.0,ダ,1600.0,稍,104.4,2.5,14-14-13-12,39.3,429(+6),429.0,6.0,アイミーハイティー,
2017106649,ガニュメデスレイ,2023/07/13,大井,曇,5,C3一二,14,1,1,16.6,4.0,6,西啓太,56.0,ダ,1600.0,良,104.3,1.7,14-14-14-12,38.7,423(-1),423.0,-1.0,ブラッドライン,
2017106649,ガニュメデスレイ,2023/06/28,大井,曇,3,C2七八九(C2八),14,5,8,24.7,7.0,8,本田正重,56.0,ダ,1600.0,良,103.9,1.7,12-12-12-12,38.2,424(-3),424.0,-3.0,グランクール,
2017106649,ガニュメデスレイ,2023/06/06,大井,曇,5,C2九十,12,8,12,12.7,3.0,7,西啓太,56.0,ダ,1600.0,重,104.2,2.6,12-12-12-12,39.1,427(+1),427.0,1.0,オールスターズ,
2017106649,ガニュメデスレイ,2023/05/09,大井,晴,5,C2九十,13,6,8,9.5,7.0,5,西啓太,56.0,ダ,1600.0,重,102.7,0.6,9-9-9-8,39.6,426(-2),426.0,-2.0,アースダンスレン,10.0
2017106649,ガニュメデスレイ,2023/04/18,大井,曇,5,C2十11,14,1,1,18.7,8.0,3,西啓太,56.0,ダ,1600.0,重,102.7,0.0,12-12-13-12,38.7,428(-2),428.0,-2.0,セイエクシード,25.0
2017106649,ガニュメデスレイ,2023/03/27,大井,曇,8,エル・ディアブロ賞(C2),14,2,2,15.1,5.0,3,西啓太,56.0,ダ,1600.0,重,103.5,0.3,9-8-11-11,39.6,430(-2),430.0,-2.0,イタリアンゴールド,25.0
2017106649,ガニュメデスレイ,2023/03/06,大井,曇,4,越中島川賞(C2),13,4,5,16.7,6.0,4,笹川翼,56.0,ダ,1600.0,良,104.2,0.6,10-10-9-8,39.5,432(-4),432.0,-4.0,グランクール,15.0
2017106649,ガニュメデスレイ,2023/02/20,大井,晴,7,C21213,14,8,13,53.4,10.0,7,西啓太,56.0,ダ,1600.0,良,104.4,1.5,10-10-13-13,40.3,436(+5),436.0,5.0,サーストントラスト,
2017106649,ガニュメデスレイ,2022/12/21,船橋,曇,12,FunabashiJ(C2),12,8,12,8.8,5.0,7,庄司大輔,56.0,ダ,2200.0,良,154.7,1.7,8-8-7-8,42.8,431(+4),431.0,4.0,アスリエル,
2017106649,ガニュメデスレイ,2022/11/28,船橋,曇,12,FunabashiJ(C2),12,4,5,,,取,本田正重,56.0,ダ,2200.0,良,,,,,計不,,,タンタシオン,
2017106649,ガニュメデスレイ,2022/11/16,大井,晴,4,C2五六,14,1,1,51.9,11.0,4,西啓太,56.0,ダ,1600.0,良,103.4,0.7,13-12-11-11,38.7,427(+1),427.0,1.0,グラッブザトップ,15.0
2017106649,ガニュメデスレイ,2022/10/28,船橋,晴,12,FunabashiJ(C2),13,6,8,14.9,7.0,5,實川純一,56.0,ダ,2200.0,良,153.2,0.4,8-7-8-9,42.2,426(+2),426.0,2.0,リュウノレイリー,18.0
2017106649,ガニュメデスレイ,2022/10/05,大井,雨,6,世田谷うままち賞(C2),12,6,7,10.4,6.0,7,池谷匠翔,55.0,ダ,1600.0,稍,104.4,1.0,10-10-11-10,39.7,424(0),424.0,0.0,ブレイヴサウンド,
2017106649,ガニュメデスレイ,2022/09/19,大井,曇,11,みなみのうお座特別競(C2),11,1,1,41.0,7.0,4,池谷匠翔,55.0,ダ,1800.0,不,116.1,0.4,8-7-8-7,39.3,424(+3),424.0,3.0,ジェイケーフェイス,27.0
2017106649,ガニュメデスレイ,2022/09/06,大井,晴,10,ヤングジョッキーズT(C2),14,4,6,5.0,3.0,5,永野猛蔵,56.0,ダ,1800.0,良,118.6,1.2,8-8-7-6,39.6,421(+2),421.0,2.0,クラッチシュート,18.0
2017106649,ガニュメデスレイ,2022/08/14,大井,晴,6,チチ賞(C2),10,7,8,4.3,2.0,7,西啓太,56.0,ダ,1600.0,重,105.4,1.9,8-8-7-8,39.1,419(+3),419.0,3.0,ウエイトジャッジ,
2017106649,ガニュメデスレイ,2022/07/25,大井,晴,6,C2十11,8,8,8,15.4,5.0,1,西啓太,56.0,ダ,1600.0,良,102.6,-0.1,5-5-4-4,38.3,416(+2),416.0,2.0,(ダンスマティス),100.0
2017106649,ガニュメデスレイ,2022/07/11,大井,晴,6,C2十11,7,5,5,17.2,5.0,4,池谷匠翔,55.0,ダ,1600.0,良,103.5,0.9,7-7-6-5,40.7,414(-1),414.0,-1.0,ウラワザテクニック,15.0
2017106649,ガニュメデスレイ,2022/06/27,大井,晴,7,C2十11,15,5,8,114.4,13.0,6,池谷匠翔,55.0,ダ,1200.0,良,74.9,0.7,15-13,37.2,415(0),415.0,0.0,ゴールデンマリア,
2017106649,ガニュメデスレイ,2022/06/06,大井,雨,6,C2十1112(C211),14,8,14,67.7,14.0,11,福原杏,56.0,ダ,1600.0,不,105.1,1.5,12-13-12-12,40.8,415(+2),415.0,2.0,リッキー,
2017106649,ガニュメデスレイ,2022/05/24,大井,晴,10,うしかい座特別競走(C2),16,6,11,168.9,14.0,13,福原杏,56.0,ダ,1700.0,稍,111.4,3.2,13-13-15-16,39.2,413(-8),413.0,-8.0,ジョブックビザーレ,
2017106649,ガニュメデスレイ,2022/03/07,大井,晴,10,りゅうこつ座特別競走(C2),16,7,13,234.2,14.0,10,福原杏,56.0,ダ,1700.0,良,111.5,2.9,11-10-10-12,39.6,421(-2),421.0,-2.0,ゴーザフォス,
2017106649,ガニュメデスレイ,2022/02/18,船橋,晴,12,フリージア2200(C2),12,6,7,12.4,6.0,6,福原杏,56.5,ダ,2200.0,稍,149.9,2.1,11-11-10-9,41.1,423(+2),423.0,2.0,リメンブランス,
2017106649,ガニュメデスレイ,2022/01/25,大井,曇,4,C21213,14,8,14,61.1,8.0,9,木間塚龍,53.0,ダ,1600.0,良,105.0,1.5,8-9-12-11,40.1,421(-3),421.0,-3.0,アドゥシール,
2017106649,ガニュメデスレイ,2022/01/13,船橋,晴,12,船橋JockeysF(C2),13,7,11,10.8,4.0,4,石崎駿,56.5,ダ,2200.0,重,149.3,1.6,8-8-5-4,40.7,424(0),424.0,0.0,ハーリーバーリー,27.0
2017106649,ガニュメデスレイ,2021/12/27,大井,晴,7,2021YJSファイ(C2),16,6,11,15.4,3.0,6,木間塚龍,56.0,ダ,1800.0,稍,119.4,0.9,16-16-15-14,39.9,424(-2),424.0,-2.0,ライヴクッキー,
2017106649,ガニュメデスレイ,2021/12/10,大井,晴,4,C2一二三(C2二),14,8,13,65.1,11.0,6,福原杏,56.0,ダ,1600.0,不,104.0,0.5,14-13-11-10,40.3,426(+3),426.0,3.0,ベクルックス,
2017106649,ガニュメデスレイ,2021/11/19,大井,晴,1,スマイルシティ・しな(C2),13,2,2,89.7,11.0,4,福原杏,56.0,ダ,1600.0,良,103.7,1.4,13-13-13-12,39.8,423(0),423.0,0.0,シャークウォーニン,15.0
2017106649,ガニュメデスレイ,2021/11/05,大井,晴,5,C2二三,14,2,2,68.8,10.0,11,福原杏,56.0,ダ,1600.0,良,104.6,1.9,12-12-12-10,39.7,423(+3),423.0,3.0,イーサンタイガー,
2017106649,ガニュメデスレイ,2021/10/07,大井,曇,3,C2四五,12,5,5,30.4,8.0,3,福原杏,56.0,ダ,1600.0,良,103.5,1.5,10-10-7-7,40.0,420(-1),420.0,-1.0,モンサンレックス,25.0
2017106649,ガニュメデスレイ,2021/09/19,大井,晴,10,おひつじ座特別競走(C2二),13,4,4,56.3,9.0,5,福原杏,56.0,ダ,1800.0,重,117.2,1.7,12-12-11-10,41.1,421(-2),421.0,-2.0,レーベンレジェンダ,18.0
2017106649,ガニュメデスレイ,2021/09/10,大井,晴,6,2020的場文男騎手(C2),9,3,3,50.2,8.0,7,福原杏,56.0,ダ,1600.0,重,105.6,1.3,7-8-8-8,40.2,423(+1),423.0,1.0,マイネルカゲツ,
2017106649,ガニュメデスレイ,2021/08/17,大井,曇,8,C2四五,10,6,6,157.0,10.0,3,福原杏,56.0,ダ,1600.0,重,104.5,1.3,8-9-7-7,39.2,422(-4),422.0,-4.0,ユメミルユメコ,25.0
2017106649,ガニュメデスレイ,2021/08/06,大井,晴,11,わし座特別競走(C2),12,6,7,142.0,12.0,10,福原杏,54.0,ダ,1700.0,良,110.8,2.3,11-11-12-11,40.1,426(-5),426.0,-5.0,ブレーヴウィザード,
2017106649,ガニュメデスレイ,2021/03/09,大井,曇,9,ふたご座特別競走(C1C2),15,6,10,95.8,12.0,14,酒井忍,57.0,ダ,1800.0,重,120.3,3.5,5-5-5-9,42.3,431(-1),431.0,-1.0,メイジュシンワ,
2017106649,ガニュメデスレイ,2021/02/18,大井,晴,5,C1C2(C1C2),14,8,14,71.1,9.0,8,酒井忍,57.0,ダ,1600.0,稍,104.1,1.3,8-8-10-10,40.3,432(+5),432.0,5.0,ヤマイチサンライズ,
2017106649,ガニュメデスレイ,2021/01/22,大井,晴,10,おうし座特別競走(C1C2),15,7,14,83.0,12.0,11,福原杏,57.0,ダ,1800.0,良,117.7,1.7,11-11-9-10,40.1,427(-5),427.0,-5.0,レイジングブレイズ,
2017106649,ガニュメデスレイ,2020/12/24,大井,曇,9,クリスマスイブ特別競(C1),12,2,2,13.6,6.0,8,服部茂史,56.0,ダ,1800.0,良,118.0,0.6,11-11-11-11,39.0,432(-1),432.0,-1.0,エスプリアンズ,
2017106649,ガニュメデスレイ,2020/12/07,大井,晴,9,C11112,14,5,7,5.6,4.0,8,服部茂史,56.0,ダ,1600.0,良,104.3,1.0,12-12-11-9,40.1,433(0),433.0,0.0,セルゲイ,
2017106649,ガニュメデスレイ,2020/11/05,大井,晴,9,2020YJSトライ(C2),14,7,12,5.9,5.0,4,仲原大生,56.0,ダ,1800.0,良,117.4,0.2,9-8-6-5,39.1,433(+9),433.0,9.0,ダンスポケット,33.0
2017106649,ガニュメデスレイ,2020/08/29,2札幌5,曇,9,ルスツ特別(1勝クラス),10,2,2,31.0,6.0,8,藤岡佑介,54.0,芝,2600.0,良,164.6,1.7,10-10-10-10,36.1,424(+2),424.0,2.0,ウインキートス,
2017106649,ガニュメデスレイ,2020/08/23,2札幌4,晴,4,3歳未勝利,14,3,3,7.5,4.0,6,藤岡佑介,56.0,芝,2600.0,良,164.5,0.6,5-5-5-3,35.9,422(-10),422.0,-10.0,スマイルガール,
2017106649,ガニュメデスレイ,2020/07/19,2函館6,曇,6,3歳未勝利,16,3,5,10.0,6.0,3,藤岡佑介,56.0,芝,2600.0,良,162.8,0.0,1-1-1-1,37.1,432(+4),432.0,4.0,リアンティサージュ,130.0
2017106649,ガニュメデスレイ,2020/06/21,1函館4,晴,6,3歳未勝利,15,2,2,24.9,10.0,3,藤岡佑介,56.0,芝,2600.0,良,159.5,1.2,4-5-8-6,36.4,428(+6),428.0,6.0,ビーマイオーシャン,130.0
2017106649,ガニュメデスレイ,2020/03/15,1阪神6,晴,5,3歳未勝利,11,7,8,16.5,6.0,7,藤岡佑介,56.0,芝,2400.0,稍,150.4,2.4,5-5-4-3,38.8,422(-2),422.0,-2.0,ダンシングリッチー,
2017106649,ガニュメデスレイ,2020/02/29,1阪神1,曇,5,3歳未勝利,13,5,6,32.7,8.0,7,藤岡佑介,56.0,芝,2400.0,良,149.2,1.9,13-13-11-11,34.9,424(0),424.0,0.0,フライライクバード,
2017106649,ガニュメデスレイ,2019/12/07,5阪神3,曇,7,2歳未勝利,11,8,11,13.8,5.0,6,藤岡佑介,55.0,芝,1800.0,良,109.8,1.0,11-11,34.1,424(+8),424.0,8.0,エレヴァテッツァ,
2017106649,ガニュメデスレイ,2019/11/17,5東京6,晴,5,2歳新馬,15,3,5,30.8,10.0,4,北村友一,55.0,芝,2000.0,良,125.0,0.5,6-6-10,33.9,416(0),416.0,0.0,ガロアクリーク,110.0
2021101392,ファインデイ,2026/03/25,大井,雨,1,C3一,10,7,7,10.7,2.0,6,吉井章,54.0,ダ,1800.0,良,121.6,0.8,6-6-2-3,41.3,463(-7),463.0,-7.0,トップダイヤ,
2021101392,ファインデイ,2026/03/12,大井,晴,1,C3一二,12,2,2,43.8,8.0,6,石川駿介,54.0,ダ,1600.0,良,105.0,1.2,10-10-9-8,41.8,470(+4),470.0,4.0,ハカイシン,
2021101392,ファインデイ,2026/02/19,大井,晴,3,C3一,14,7,11,65.4,9.0,7,吉井章,54.0,ダ,1800.0,良,120.0,1.5,10-10-10-10,40.2,466(0),466.0,0.0,テーオードリアン,
2021101392,ファインデイ,2025/11/11,大井,曇,5,C2121314(C213),13,6,8,25.4,6.0,8,吉井章,54.0,ダ,1600.0,稍,105.1,1.9,10-10-9-9,40.6,466(-4),466.0,-4.0,ロードアルディート,
2021101392,ファインデイ,2025/10/21,大井,曇,5,きたいを超える東京北(C212),14,7,11,23.1,5.0,3,吉井章,54.0,ダ,1600.0,稍,105.2,0.9,10-10-8-7,39.6,470(+2),470.0,2.0,キュアフローラ,25.0
2021101392,ファインデイ,2025/10/06,大井,曇,6,バーバラ賞(C215),8,1,1,7.7,3.0,4,吉井章,54.0,ダ,1600.0,良,105.0,1.9,5-5-4-4,39.7,468(+2),468.0,2.0,ジャスティンアロー,15.0
2021101392,ファインデイ,2025/09/15,大井,曇,8,スティンガー賞(C2),9,1,1,6.0,4.0,2,吉井章,54.0,ダ,1600.0,稍,105.8,0.6,6-5-4-4,39.7,466(-4),466.0,-4.0,キバルスター,40.0
2021101392,ファインデイ,2025/09/05,大井,雨,1,C3一二,14,1,1,4.5,3.0,2,吉井章,54.0,ダ,1600.0,不,105.3,0.2,14-14-13-13,39.7,470(+7),470.0,7.0,フローラルロマンス,32.0
2021101392,ファインデイ,2025/08/10,大井,雨,1,C3選抜牝馬,11,2,2,7.7,5.0,2,吉井章,54.0,ダ,1400.0,不,88.7,0.2,10-9-9,37.9,463(+6),463.0,6.0,ビートリニティ,32.0
2021101392,ファインデイ,2025/07/14,大井,晴,6,C3一,13,6,9,4.9,4.0,3,吉井章,54.0,ダ,2000.0,稍,132.9,1.2,9-10-7-6,39.9,457(-6),457.0,-6.0,メイショウトワニ,20.0
2021101392,ファインデイ,2025/06/30,大井,晴,8,プランターズ・パンチ(C2),10,7,8,4.7,3.0,4,吉井章,54.0,ダ,1600.0,良,104.7,0.4,9-8-1-1,41.3,463(-1),463.0,-1.0,ラブリーヨシノ,15.0
2021101392,ファインデイ,2025/06/13,大井,晴,1,C3一二,12,8,11,12.2,5.0,4,吉井章,54.0,ダ,1600.0,重,104.7,0.2,10-8-7-4,40.3,464(+4),464.0,4.0,シュヴァイゲン,12.0
2021101392,ファインデイ,2025/05/22,大井,晴,1,C3一二,13,6,9,15.2,7.0,8,吉井章,54.0,ダ,1600.0,良,104.7,1.7,13-10-10-9,39.5,460(-4),460.0,-4.0,ノビシロ,
2021101392,ファインデイ,2025/05/02,大井,雨,1,C3一,10,7,8,3.8,2.0,2,吉井章,54.0,ダ,2000.0,重,131.9,0.3,6-6-5-5,39.6,464(+3),464.0,3.0,ウィーナーズソング,32.0
2021101392,ファインデイ,2025/04/17,大井,晴,3,C3一,12,6,7,12.6,7.0,8,吉井章,54.0,ダ,1800.0,良,118.7,2.0,4-3-5-5,41.0,461(-1),461.0,-1.0,サガノオウマサン,
2021101392,ファインデイ,2025/03/25,大井,晴,1,C3四五,14,7,12,10.2,6.0,6,吉井章,54.0,ダ,1600.0,稍,105.4,1.1,10-11-10-9,40.3,462(0),462.0,0.0,スペシャルサンデー,
2021101392,ファインデイ,2025/03/11,大井,曇,1,C3四五,14,5,7,9.8,3.0,5,吉井章,54.0,ダ,1600.0,重,106.2,0.8,7-6-4-3,40.8,462(+6),462.0,6.0,オニクダイスキマン,8.0
2021101392,ファインデイ,2025/02/20,大井,晴,2,C3三四,14,6,9,123.0,11.0,7,吉井章,54.0,ダ,1600.0,良,105.0,1.2,13-13-11-11,39.4,456(+2),456.0,2.0,ファーストメイト,
2021101392,ファインデイ,2025/01/28,大井,晴,2,C3六七,14,5,7,8.4,4.0,3,吉井章,54.0,ダ,1600.0,良,106.7,0.1,7-6-6-6,40.6,454(-6),454.0,-6.0,サンシップ,20.0
2021101392,ファインデイ,2025/01/13,大井,晴,4,C3八九,12,1,1,42.7,9.0,3,吉井章,54.0,ダ,1600.0,稍,105.8,1.0,7-7-8-6,41.4,460(+7),460.0,7.0,シャラク,20.0
2021101392,ファインデイ,2024/11/25,水沢,晴,8,C1五組,12,1,1,13.2,4.0,6,南郷家全,54.0,ダ,1400.0,稍,92.6,1.1,11-11-10-7,40.4,453(-13),453.0,-13.0,ビービーアクティブ,
2021101392,ファインデイ,2024/11/11,盛岡,晴,9,C1六組,12,3,3,11.1,3.0,7,南郷家全,54.0,ダ,1400.0,良,90.4,2.1,7-7,39.7,466(+9),466.0,9.0,ユイノシノビアシ,
2021101392,ファインデイ,2024/10/29,盛岡,晴,4,C2一組,10,6,6,25.6,6.0,6,南郷家全,54.0,ダ,1400.0,稍,89.7,1.9,5-5,39.9,457(-2),457.0,-2.0,ポジティブスピン,
2021101392,ファインデイ,2024/10/15,盛岡,曇,4,C2一組,8,2,2,2.3,2.0,2,南郷家全,54.0,ダ,1400.0,良,89.1,1.0,2-2,39.3,459(+7),459.0,7.0,マウリノ,14.0
2021101392,ファインデイ,2024/10/08,盛岡,曇,4,C2一組,12,1,1,16.3,5.0,3,南郷家全,54.0,ダ,1400.0,重,87.6,0.6,5-3,38.3,452(+3),452.0,3.0,ミツカネエリーズ,8.0
2021101392,ファインデイ,2024/09/24,水沢,晴,10,3歳B2二組,11,5,5,18.1,4.0,5,高松亮,54.0,ダ,1400.0,稍,90.2,1.5,9-8-7-6,39.3,449(+1),449.0,1.0,アイフィロス,4.6
2021101392,ファインデイ,2024/09/10,水沢,晴,7,3歳C1二組,11,3,3,17.3,6.0,3,高松亮,54.0,ダ,1400.0,良,91.0,1.0,10-7-5-3,40.2,448(+2),448.0,2.0,ブライティアブエナ,11.0
2021101392,ファインデイ,2024/08/26,盛岡,晴,7,3歳C1二組,9,4,4,9.2,4.0,3,山本聡哉,54.0,ダ,1400.0,良,88.8,1.1,6-4,39.9,446(+1),446.0,1.0,サクラサルーテ,11.0
2021101392,ファインデイ,2024/08/13,盛岡,小雨,7,3歳C1二組,9,1,1,12.8,3.0,2,高松亮,54.0,ダ,1400.0,不,86.1,0.6,3-2,37.8,445(-2),445.0,-2.0,エムティリラ,19.3
2021101392,ファインデイ,2024/08/06,盛岡,晴,3,3歳C2四組,9,3,3,3.3,3.0,1,山本政聡,54.0,ダ,1200.0,重,74.6,-0.4,4-3,37.7,447(0),447.0,0.0,(リュージュ),45.0
2021101392,ファインデイ,2024/07/23,盛岡,曇,1,3歳C2七組,11,8,11,4.6,3.0,4,山本政聡,54.0,ダ,1200.0,良,75.1,1.4,3-2,38.8,447(-1),447.0,-1.0,プリンセスナイト,5.9
2021101392,ファインデイ,2024/07/08,盛岡,曇,4,3歳C2六組,11,7,8,13.6,5.0,6,山本政聡,54.0,ダ,1200.0,重,75.8,2.6,4-6,39.3,448(0),448.0,0.0,フェルサイト,
2021101392,ファインデイ,2024/05/11,2東京7,晴,1,3歳未勝利,16,4,8,662.3,16.0,11,木幡巧也,55.0,ダ,1600.0,良,100.2,1.7,8-7,37.6,448(+2),448.0,2.0,エーリアル,
2021101392,ファインデイ,2024/05/05,2東京6,晴,1,3歳未勝利,13,1,1,247.3,11.0,10,内田博幸,55.0,ダ,1600.0,良,101.1,2.3,13-10,39.4,446(0),446.0,0.0,ゲンパチエトワール,
2021101392,ファインデイ,2024/03/03,2小倉8,晴,5,3歳未勝利,12,2,2,275.1,11.0,10,水沼元輝,52.0,芝,2000.0,稍,127.5,3.1,4-3-6-8,38.1,446(-4),446.0,-4.0,ホウオウリムジン,
2021101392,ファインデイ,2024/02/24,2小倉5,晴,1,3歳未勝利,16,1,2,347.7,15.0,10,勝浦正樹,55.0,ダ,1700.0,重,108.1,3.7,14-13-9-9,39.9,450(-4),450.0,-4.0,キングベルベット,
2021101392,ファインデイ,2024/02/03,1東京3,晴,1,3歳未勝利,16,5,9,388.8,12.0,11,横山琉人,54.0,ダ,1400.0,良,89.9,3.1,11-11,38.1,454(+10),454.0,10.0,カピリナ,
2021101392,ファインデイ,2023/11/26,5東京8,曇,4,2歳未勝利,14,4,5,585.1,13.0,14,木幡巧也,55.0,芝,2000.0,良,123.6,3.2,5-5-5,37.8,444(-6),444.0,-6.0,マーシャルポイント,
2021101392,ファインデイ,2023/10/14,4新潟1,晴,6,2歳未勝利,11,4,4,112.8,8.0,9,水沼元輝,52.0,芝,1600.0,良,97.2,2.1,7-7,36.2,450(0),450.0,0.0,ウインディオーネ,
2021101392,ファインデイ,2023/09/17,4中山4,曇,2,2歳未勝利,10,4,4,126.0,8.0,9,水沼元輝,52.0,芝,2000.0,良,126.5,4.9,1-1-1-4,42.1,450(+12),450.0,12.0,レイデラルース,
2021101392,ファインデイ,2023/08/26,3新潟5,晴,1,2歳未勝利,18,7,15,415.3,16.0,15,木幡巧也,55.0,芝,1600.0,良,96.5,2.2,14-13,35.9,438(+6),438.0,6.0,セブンマイスター,
2021101392,ファインデイ,2023/06/18,3東京6,晴,5,2歳新馬,13,6,9,106.5,11.0,13,木幡巧也,55.0,芝,1600.0,良,97.2,2.7,7-6,36.3,432(0),432.0,0.0,ボルケーノ,
2022101700,マハーギータ,2026/03/25,大井,雨,1,C3一,10,7,8,106.9,8.0,8,岡村健司,54.0,ダ,1800.0,良,121.8,1.0,10-10-10-9,40.3,425(-3),425.0,-3.0,トップダイヤ,
2022101700,マハーギータ,2026/03/12,大井,晴,1,C3一二,12,7,10,301.3,12.0,11,東原悠善,54.0,ダ,1600.0,良,106.1,2.3,6-6-8-9,43.2,428(0),428.0,0.0,ハカイシン,
2022101700,マハーギータ,2026/02/19,大井,晴,3,C3一,14,7,12,565.2,14.0,12,遠藤健太,54.0,ダ,1800.0,良,120.8,2.3,11-11-11-11,40.6,428(-2),428.0,-2.0,テーオードリアン,
2022101700,マハーギータ,2026/01/29,大井,晴,3,C3一二三(C3二),13,5,7,298.8,13.0,13,杉山海波,51.0,ダ,1200.0,良,78.6,3.7,3-3,41.8,430(-2),430.0,-2.0,ノビシロ,
2022101700,マハーギータ,2026/01/01,川崎,晴,2,お年玉賞(C3),11,3,3,113.1,10.0,5,古岡勇樹,54.0,ダ,900.0,稍,57.1,0.8,6-5,38.6,432(-5),432.0,-5.0,ナキムシヒカル,8.0
2022101700,マハーギータ,2025/12/18,川崎,晴,3,クロシェット賞(3歳),12,3,3,30.5,5.0,6,町田直希,54.0,ダ,900.0,稍,57.5,1.7,11-9,38.6,437(+3),437.0,3.0,ファイブエム,
2022101700,マハーギータ,2025/11/19,川崎,晴,3,四十雀賞(3歳),12,7,10,38.4,7.0,6,山崎誠士,54.0,ダ,1500.0,良,99.9,2.0,6-6-7-5,41.8,434(-5),434.0,-5.0,オルペラー,
2022101700,マハーギータ,2025/11/03,船橋,晴,3,石崎駿・森泰斗開業記(3歳),11,8,11,21.4,5.0,6,加藤雄真,51.0,ダ,1200.0,稍,78.4,2.9,4-6-6,40.9,439(0),439.0,0.0,セイウンユズカ,
2022101700,マハーギータ,2025/10/15,川崎,曇,2,大町賞(3歳),10,6,6,3.5,2.0,3,山崎誠士,54.0,ダ,1400.0,稍,93.5,0.4,7-7-5-4,41.1,439(+25),439.0,25.0,エスパノーラ,30.0
2022101700,マハーギータ,2025/08/30,3新潟3,晴,7,3歳未勝利,17,2,4,193.3,13.0,6,吉田豊,55.0,芝,1400.0,良,82.3,0.8,16-16,35.0,414(-4),414.0,-4.0,ライネリーベ,
2022101700,マハーギータ,2025/07/19,2福島7,晴,7,3歳未勝利,16,7,13,9.9,4.0,14,今村聖奈,53.0,芝,1200.0,良,72.8,1.6,14-15,36.3,418(-2),418.0,-2.0,フォルトレス,
2022101700,マハーギータ,2025/07/05,2福島3,晴,7,3歳未勝利,16,6,12,31.1,9.0,3,今村聖奈,53.0,芝,1200.0,良,70.1,0.6,7-7,34.9,420(-14),420.0,-14.0,ノーブルオリンポス,140.0
2022101700,マハーギータ,2025/03/29,3中山1,小雨,1,3歳未勝利,16,3,6,89.5,9.0,9,田辺裕信,55.0,ダ,1200.0,良,73.6,2.3,12-11,38.1,434(0),434.0,0.0,ゴールドハンマー,
2021104766,ベッティーナ,2026/03/25,大井,雨,1,C3一,10,8,9,67.3,7.0,10,遠藤健太,54.0,ダ,1800.0,良,122.8,2.0,7-7-7-7,42.0,449(+6),449.0,6.0,トップダイヤ,
2021104766,ベッティーナ,2026/03/10,大井,雨,1,C3五六,14,3,3,133.0,13.0,7,遠藤健太,54.0,ダ,1600.0,稍,107.4,1.1,9-9-11-10,40.8,443(+1),443.0,1.0,ワールドフォンテン,
2021104766,ベッティーナ,2026/02/17,大井,晴,2,C3六七,13,2,2,30.3,8.0,8,遠藤健太,54.0,ダ,1600.0,稍,107.5,1.0,4-4-7-6,41.7,442(+4),442.0,4.0,ゴッドモード,
2021104766,ベッティーナ,2026/01/27,大井,晴,2,C3六七,14,3,3,110.2,9.0,5,遠藤健太,54.0,ダ,1600.0,良,107.2,0.4,10-10-9-7,39.7,438(+2),438.0,2.0,リバイブメイラード,8.0
2021104766,ベッティーナ,2026/01/12,大井,晴,2,C3八九,13,2,2,141.7,10.0,3,遠藤健太,54.0,ダ,1600.0,良,106.0,1.3,10-10-7-7,40.0,436(-2),436.0,-2.0,ダノンクルーザー,20.0
2021104766,ベッティーナ,2025/12/25,大井,曇,1,C3一二,14,7,11,215.3,12.0,9,遠藤健太,54.0,ダ,1600.0,重,105.3,1.4,8-10-9-9,39.7,438(-9),438.0,-9.0,ゴールデンオージャ,
2021104766,ベッティーナ,2025/12/03,大井,曇,2,C3一二,13,3,3,146.2,11.0,6,西啓太,54.0,ダ,1200.0,良,75.9,0.8,13-12,37.5,447(-3),447.0,-3.0,インヘリタンスエス,
2021104766,ベッティーナ,2025/11/14,大井,晴,1,C3一二,13,8,13,130.7,12.0,7,安藤洋一,54.0,ダ,1600.0,稍,106.0,1.8,12-12-13-13,39.3,450(-2),450.0,-2.0,トップダイヤ,
2021104766,ベッティーナ,2025/10/22,大井,雨,1,C3一二,14,5,8,156.1,14.0,12,高橋優,51.0,ダ,1600.0,稍,106.9,2.1,13-13-13-11,41.5,452(-2),452.0,-2.0,シャークウォーニン,
2021104766,ベッティーナ,2025/10/07,大井,曇,1,C3一二,11,6,6,108.5,10.0,8,高橋優,51.0,ダ,1600.0,良,105.7,1.3,7-7-8-7,40.7,454(+10),454.0,10.0,オールスターズ,
2021104766,ベッティーナ,2025/09/17,大井,晴,1,C3一二,14,3,4,75.0,12.0,8,藤本現暉,54.0,ダ,1600.0,良,105.6,1.7,10-10-9-9,40.4,444(-2),444.0,-2.0,オールスターズ,
2021104766,ベッティーナ,2025/09/04,大井,曇,1,C3三四,12,4,4,37.5,9.0,3,藤本現暉,54.0,ダ,1600.0,良,105.4,0.7,7-7-5-5,41.2,446(+1),446.0,1.0,シャークウォーニン,20.0
2021104766,ベッティーナ,2025/08/14,大井,晴,1,C3三四,13,7,11,23.8,7.0,9,藤本現暉,54.0,ダ,1600.0,稍,106.4,1.1,10-7-6-7,40.5,445(-6),445.0,-6.0,シャークウォーニン,
2021104766,ベッティーナ,2025/07/16,大井,雨,1,C3四五,11,5,5,,,取,今野忠成,54.0,ダ,1600.0,不,,,,,計不,,,ケイリュウオー,
2021104766,ベッティーナ,2025/04/28,大井,雨,8,コープス・リバイバー(C213),14,6,9,128.6,9.0,13,今野忠成,54.0,ダ,1600.0,稍,104.0,2.2,14-14-14-14,39.3,451(+4),451.0,4.0,ライシアム,
2021104766,ベッティーナ,2025/04/15,大井,晴,10,こぐま座特別競走(C2),14,5,8,95.9,12.0,13,今野忠成,54.0,ダ,1800.0,重,120.0,2.8,6-6-9-9,42.1,447(-4),447.0,-4.0,ポチョラーダ,
2021104766,ベッティーナ,2025/03/24,大井,曇,8,エル・ディアブロ賞(C2),12,6,8,61.3,9.0,5,町田直希,54.0,ダ,1600.0,良,106.2,1.6,7-5-3-3,41.6,451(+1),451.0,1.0,ウエストリーダー,10.0
2021104766,ベッティーナ,2025/03/10,大井,晴,7,C2141516(C215),14,4,6,91.4,8.0,7,町田直希,54.0,ダ,1600.0,重,106.2,2.7,3-3-5-5,42.4,450(+5),450.0,5.0,ジャスティンダイヤ,
2021104766,ベッティーナ,2025/02/17,大井,晴,5,C2151617(C216),12,6,8,15.9,5.0,8,藤田凌,54.0,ダ,1600.0,良,106.6,2.1,4-4-5-5,42.5,445(-1),445.0,-1.0,アクイローネ,
2021104766,ベッティーナ,2025/01/27,大井,曇,7,C21617,10,8,9,7.0,2.0,5,藤田凌,54.0,ダ,1600.0,良,107.0,2.7,5-5-6-6,41.0,446(+6),446.0,6.0,スカイイズユアーズ,10.0
2021104766,ベッティーナ,2024/08/24,2札幌5,晴,8,3歳以上1勝クラス,12,1,1,98.6,8.0,7,長浜鴻緒,50.0,ダ,1700.0,良,110.0,3.4,10-11-10-10,41.1,440(0),440.0,0.0,サウンドアレグリア,
2021104766,ベッティーナ,2024/08/03,1札幌5,晴,3,3歳未勝利,16,1,2,34.8,8.0,10,小林勝太,53.0,芝,2000.0,良,121.7,0.9,12-12-12-11,35.7,440(+10),440.0,10.0,ソニックドライブ,
2021104766,ベッティーナ,2024/07/06,2福島3,曇,4,3歳未勝利,16,2,4,15.4,7.0,7,田辺裕信,55.0,芝,2000.0,良,122.1,0.8,11-11-11-10,35.1,430(+4),430.0,4.0,シンハナーダ,
2021104766,ベッティーナ,2024/05/18,2東京9,晴,5,3歳未勝利,18,4,7,97.5,11.0,6,北村宏司,55.0,芝,2000.0,良,120.0,0.8,12-11-11,34.7,426(-6),426.0,-6.0,ダノンホイットニー,
2021104766,ベッティーナ,2024/05/04,1新潟3,晴,6,3歳未勝利,15,1,2,19.1,6.0,11,永島まな,53.0,芝,2000.0,良,126.0,2.1,4-3-4-4,38.2,432(-4),432.0,-4.0,カリーニョ,
2021104766,ベッティーナ,2024/04/13,1福島3,晴,4,3歳未勝利,16,5,10,395.6,15.0,2,永野猛蔵,54.0,芝,2000.0,良,122.0,0.6,12-9-6-4,36.7,436(+6),436.0,6.0,キットハナガサク,220.0
2021104766,ベッティーナ,2023/12/16,4中京5,曇,6,2歳未勝利,15,8,14,71.7,10.0,12,永島まな,52.0,芝,1600.0,稍,97.1,1.3,14-14-14,35.4,430(0),430.0,0.0,バーケンティン,
2021104766,ベッティーナ,2023/10/15,4新潟2,小雨,5,2歳新馬,18,1,2,115.3,15.0,8,武藤雅,55.0,芝,1600.0,良,97.6,2.1,18-18,35.5,430(0),430.0,0.0,ワイドラトゥール,
2022109014,ドッチナンダイ,2026/03/25,大井,雨,1,C3一,10,8,10,32.3,5.0,2,野畑凌,56.0,ダ,1800.0,良,120.9,0.1,1-1-1-1,40.6,453(-3),453.0,-3.0,トップダイヤ,32.0
2022109014,ドッチナンダイ,2026/03/09,大井,晴,1,C3九,14,8,14,68.3,9.0,7,東原悠善,56.0,ダ,1200.0,稍,77.3,1.1,8-8,39.4,456(+7),456.0,7.0,ストロングフレイヤ,
2022109014,ドッチナンダイ,2026/02/16,大井,晴,2,C3八九,12,5,6,71.2,7.0,7,東原悠善,56.0,ダ,1600.0,良,107.6,3.3,7-6-6-6,40.8,449(-1),449.0,-1.0,イイデテッシン,
2022109014,ドッチナンダイ,2026/01/26,大井,晴,1,C3八九,11,2,2,105.2,7.0,7,東原悠善,56.0,ダ,1400.0,良,92.2,1.4,10-10-9,39.0,450(-1),450.0,-1.0,ラヴクラウド,
2022109014,ドッチナンダイ,2026/01/12,大井,晴,1,C3十,13,4,4,30.5,3.0,3,東原悠善,56.0,ダ,1200.0,良,77.1,2.9,6-5,38.7,451(-3),451.0,-3.0,アイビーブリザード,20.0
2022109014,ドッチナンダイ,2025/12/29,大井,晴,1,3歳五,12,6,8,17.8,5.0,5,東原悠善,56.0,ダ,1200.0,重,76.3,2.8,7-7,37.9,454(+2),454.0,2.0,ステーション,14.0
2022109014,ドッチナンダイ,2025/12/04,大井,晴,1,3歳四五,10,8,10,207.3,8.0,5,東原悠善,56.0,ダ,1600.0,良,107.5,2.2,6-5-5-5,40.1,452(-3),452.0,-3.0,チマル,14.0
2022109014,ドッチナンダイ,2025/09/15,大井,曇,3,3歳十11,11,7,9,32.6,5.0,8,東原悠善,56.0,ダ,1400.0,稍,92.6,3.1,7-6-7,40.6,455(0),455.0,0.0,シャークル,
