date,course,weather,race_number,race_name,surface,distance,track_condition,num_horses,rank,bracket_number,horse_number,horse_name,sex,age,weight_carried,jockey,time,margin,popularity,odds,last_3f,passing_order,stable,horse_weight,weight_diff,horse_id
2026/07/30,門別,曇,1,2歳 未勝利,ダ,1100,稍,11,1,8,10,コンチワッチ,牝,2,55.0,桑村真明,68.4,,2,2.3,37.2,4-3,北海道桧森邦夫,476.0,4.0,2024109058
2026/07/30,門別,曇,1,2歳 未勝利,ダ,1100,稍,11,2,8,11,ディアローラ,牝,2,55.0,松井伸也,68.8,2,5,22.8,37.5,6-4,北海道柳澤好美,442.0,-4.0,2024100312
2026/07/30,門別,曇,1,2歳 未勝利,ダ,1100,稍,11,3,7,9,ルナベレッツァ,牝,2,55.0,石川倭,69.1,1.1/2,4,19.6,38.0,2-2,北海道小国博行,456.0,6.0,2024107280
2026/07/30,門別,曇,1,2歳 未勝利,ダ,1100,稍,11,4,5,5,フォアサイトゲイズ,牡,2,55.0,落合玄太,69.3,3/4,1,1.8,37.9,5-6,北海道田中淳司,474.0,2.0,2024106000
2026/07/30,門別,曇,1,2歳 未勝利,ダ,1100,稍,11,5,7,8,フェリンヴァラー,牡,2,55.0,小野楓馬,69.4,1/2,3,13.3,38.4,1-1,北海道小野望,472.0,-2.0,2024101042
2026/07/30,門別,曇,1,2歳 未勝利,ダ,1100,稍,11,6,1,1,ベストメッセージ,牡,2,55.0,宮内勇樹,69.6,1,7,31.4,37.9,7-7,北海道村上正和,482.0,-2.0,2024101453
2026/07/30,門別,曇,1,2歳 未勝利,ダ,1100,稍,11,7,2,2,トーケンオーパス,牡,2,52.0,▲小川悠汰,69.6,ハナ,6,24.5,38.2,3-5,北海道佐々木国,466.0,-6.0,2024102882
2026/07/30,門別,曇,1,2歳 未勝利,ダ,1100,稍,11,8,3,3,リヴァモアザン,牝,2,55.0,黒澤愛斗,69.8,3/4,10,148.7,38.1,8-8,北海道森山雄大,424.0,-2.0,2024100545
2026/07/30,門別,曇,1,2歳 未勝利,ダ,1100,稍,11,9,6,7,ハッピーアフリート,牝,2,55.0,阿部龍,70.1,1.1/2,9,61.5,37.5,,北海道斉藤正弘,388.0,6.0,2024101495
2026/07/30,門別,曇,1,2歳 未勝利,ダ,1100,稍,11,10,4,4,ユーデンブルク,牡,2,53.0,△藤田凌駕,70.2,3/4,8,38.6,38.6,9-9,北海道五十嵐冬,452.0,-4.0,2024100857
2026/07/30,門別,曇,1,2歳 未勝利,ダ,1100,稍,11,11,6,6,レラノア,牡,2,55.0,井上俊彦,70.3,1/2,11,204.7,38.2,,北海道斉藤正弘,470.0,8.0,2024105527
2026/07/30,門別,曇,2,2歳 未勝利,ダ,1700,稍,12,1,8,11,オリザレコルト,牡,2,55.0,小野楓馬,113.5,,8,35.0,39.2,1-1-1-1,北海道小野望,468.0,-4.0,2024101158
2026/07/30,門別,曇,2,2歳 未勝利,ダ,1700,稍,12,2,8,12,リュウノパイレーツ,牡,2,55.0,石川倭,113.5,アタマ,2,3.2,39.1,3-2-2-2,北海道五十嵐冬,488.0,2.0,2024106730
2026/07/30,門別,曇,2,2歳 未勝利,ダ,1700,稍,12,3,6,8,リヴェンドラ,セ,2,55.0,岩橋勇二,114.5,5,7,32.9,38.9,10-10-10-10,北海道柳澤好美,490.0,4.0,2024100377
2026/07/30,門別,曇,2,2歳 未勝利,ダ,1700,稍,12,4,3,3,アクタール,牡,2,55.0,宮内勇樹,114.6,1/2,3,5.7,39.2,7-8-9-8,北海道田中淳司,486.0,-4.0,2024104906
2026/07/30,門別,曇,2,2歳 未勝利,ダ,1700,稍,12,5,7,9,ライヴユアドリーム,牡,2,55.0,阿部龍,114.6,アタマ,1,2.2,39.2,11-7-7-9,北海道角川秀樹,440.0,0.0,2024105176
2026/07/30,門別,曇,2,2歳 未勝利,ダ,1700,稍,12,6,7,10,キングオブミラクル,牡,2,55.0,服部茂史,114.6,ハナ,4,11.9,40.1,4-4-3-4,北海道田中淳司,490.0,-4.0,2024104869
2026/07/30,門別,曇,2,2歳 未勝利,ダ,1700,稍,12,7,6,7,バラデロ,牡,2,55.0,亀井洋司,115.0,2,10,98.1,39.9,6-6-6-6,北海道佐々木国,448.0,10.0,2024103945
2026/07/30,門別,曇,2,2歳 未勝利,ダ,1700,稍,12,8,5,6,カルリトス,牡,2,55.0,落合玄太,115.4,2,5,12.8,40.7,2-3-4-3,北海道小国博行,468.0,8.0,2024101536
2026/07/30,門別,曇,2,2歳 未勝利,ダ,1700,稍,12,9,1,1,トシデンセツ,牡,2,55.0,桑村真明,115.5,3/4,6,13.8,40.4,5-5-5-5,北海道斉藤正弘,464.0,2.0,2024100146
2026/07/30,門別,曇,2,2歳 未勝利,ダ,1700,稍,12,10,2,2,リュウノゴウワン,牡,2,54.0,☆近藤翔月,117.2,8,9,94.4,41.6,8-11-8-12,北海道川島雅人,494.0,0.0,2024109005
2026/07/30,門別,曇,2,2歳 未勝利,ダ,1700,稍,12,11,4,4,ヤングゼネラル,牡,2,53.0,△藤田凌駕,117.4,1,12,243.5,41.6,9-9-12-13,北海道斉藤正弘,466.0,6.0,2024101061
2026/07/30,門別,曇,2,2歳 未勝利,ダ,1700,稍,12,12,5,5,マダムアイ,牝,2,55.0,松井伸也,118.1,3,11,161.7,42.6,12-12-11-11,北海道森山雄大,488.0,-2.0,2024105717
2026/07/30,門別,曇,3,3歳以上 C4ー2,ダ,1200,稍,11,1,8,10,ブラストブラック,牡,3,57.0,落合玄太,74.9,,1,1.4,38.2,4-3,北海道田中淳司,470.0,-2.0,2023105393
2026/07/30,門別,曇,3,3歳以上 C4ー2,ダ,1200,稍,11,2,4,4,スティールアンバー,牡,3,57.0,桑村真明,75.2,1.1/2,2,3.7,38.7,1-1,北海道角川秀樹,494.0,-10.0,2023100836
2026/07/30,門別,曇,3,3歳以上 C4ー2,ダ,1200,稍,11,3,3,3,ブールドネージュ,牝,3,55.0,石川倭,75.4,1,3,8.3,37.2,8-7,北海道沼澤英知,456.0,-2.0,2023106591
2026/07/30,門別,曇,3,3歳以上 C4ー2,ダ,1200,稍,11,4,1,1,ラカーリア,牝,3,55.0,岩橋勇二,75.6,1,9,124.6,38.8,2-2,北海道廣森久雄,492.0,0.0,2023105167
2026/07/30,門別,曇,3,3歳以上 C4ー2,ダ,1200,稍,11,5,7,9,ツムグ,牡,5,57.0,小野楓馬,76.4,4,8,110.9,39.3,5-6,北海道斉藤正弘,494.0,-2.0,2021104476
2026/07/30,門別,曇,3,3歳以上 C4ー2,ダ,1200,稍,11,6,8,11,ミラコレジェンヌ,牝,4,55.0,亀井洋司,76.4,クビ,4,11.4,39.4,6-5,北海道佐々木国,472.0,0.0,2022103273
2026/07/30,門別,曇,3,3歳以上 C4ー2,ダ,1200,稍,11,7,7,8,ケイトバローズ,牝,3,53.0,△藤田凌駕,76.7,1.1/2,10,330.4,38.8,7,北海道小野望,464.0,-8.0,2023100601
2026/07/30,門別,曇,3,3歳以上 C4ー2,ダ,1200,稍,11,8,6,6,ピンクサウスポー,牝,3,55.0,阿部龍,76.9,1,6,102.1,38.7,9,北海道柳澤好美,462.0,-8.0,2023107488
2026/07/30,門別,曇,3,3歳以上 C4ー2,ダ,1200,稍,11,9,6,7,ハッピーピンク,牝,4,52.0,▲小川悠汰,77.2,1.1/2,7,105.5,38.5,10-9,北海道桧森邦夫,456.0,-6.0,2022100832
2026/07/30,門別,曇,3,3歳以上 C4ー2,ダ,1200,稍,11,除外,2,2,キョウエイフレアー,牝,6,55.0,松井伸也,,,,,,,北海道黒川智貴,,,2020104218
2026/07/30,門別,曇,3,3歳以上 C4ー2,ダ,1200,稍,11,中止,5,5,スーパーブラザー,牡,3,57.0,宮内勇樹,,,5,22.5,,3-4,北海道川島洋人,570.0,-24.0,2023106302
2026/07/30,門別,曇,4,3歳以上 C3ー2 C4ー1,ダ,1200,稍,8,1,5,5,ガイストゼーゲン,牡,3,57.0,服部茂史,74.1,,1,1.6,37.1,4-4,北海道川島洋人,526.0,4.0,2023101658
2026/07/30,門別,曇,4,3歳以上 C3ー2 C4ー1,ダ,1200,稍,8,2,7,7,オギフシノチカイ,牝,3,55.0,小野楓馬,74.4,1.1/2,3,4.3,37.8,3-2,北海道佐々木国,454.0,12.0,2023101890
2026/07/30,門別,曇,4,3歳以上 C3ー2 C4ー1,ダ,1200,稍,8,3,3,3,カセノフォルス,牡,3,57.0,阿部龍,75.0,3,4,7.2,38.2,2-3,北海道角川秀樹,466.0,-8.0,2023101646
2026/07/30,門別,曇,4,3歳以上 C3ー2 C4ー1,ダ,1200,稍,8,4,2,2,ロピア,牝,4,55.0,桑村真明,75.8,4,5,27.1,38.4,8-7,北海道小国博行,466.0,0.0,2022107206
2026/07/30,門別,曇,4,3歳以上 C3ー2 C4ー1,ダ,1200,稍,8,5,4,4,コウユーダイダイ,牝,3,55.0,石川倭,75.8,クビ,2,4.3,39.3,1-1,北海道村上正和,526.0,8.0,2023100759
2026/07/30,門別,曇,4,3歳以上 C3ー2 C4ー1,ダ,1200,稍,8,6,8,8,エスカルチャ,牡,5,54.0,▲小川悠汰,75.9,クビ,8,265.7,38.7,6-6,北海道小野望,534.0,-10.0,2021101673
2026/07/30,門別,曇,4,3歳以上 C3ー2 C4ー1,ダ,1200,稍,8,7,6,6,アンエクスプロード,牡,4,57.0,井上俊彦,76.2,1.1/2,6,113.1,38.9,5-5,北海道櫻井拓章,520.0,-2.0,2022104571
2026/07/30,門別,曇,4,3歳以上 C3ー2 C4ー1,ダ,1200,稍,8,8,1,1,オールスパイス,牝,4,55.0,黒澤愛斗,77.1,4,7,162.4,39.5,7-8,北海道石本孝博,486.0,-2.0,2022101519
2026/07/30,門別,曇,5,JRA認定競走アタックチャレンジ競走(2歳),ダ,1700,稍,10,1,6,6,リガンド,牡,2,55.0,石川倭,112.3,,1,1.9,38.6,6-7-5,北海道米川昇,484.0,2.0,2024100373
2026/07/30,門別,曇,5,JRA認定競走アタックチャレンジ競走(2歳),ダ,1700,稍,10,2,8,10,スターリーローラー,牝,2,53.0,△藤田凌駕,112.3,アタマ,6,16.6,39.6,4-4-4-2,北海道森山雄大,470.0,4.0,2024103325
2026/07/30,門別,曇,5,JRA認定競走アタックチャレンジ競走(2歳),ダ,1700,稍,10,3,2,2,カストール,牝,2,55.0,服部茂史,113.2,4,5,11.3,40.5,3-3-4,北海道田中淳司,476.0,2.0,2024107126
2026/07/30,門別,曇,5,JRA認定競走アタックチャレンジ競走(2歳),ダ,1700,稍,10,4,4,4,ブラックタイクーン,牡,2,54.0,☆近藤翔月,113.6,2,3,9.3,39.6,6-8-10-8,北海道佐々木国,446.0,6.0,2024105535
2026/07/30,門別,曇,5,JRA認定競走アタックチャレンジ競走(2歳),ダ,1700,稍,10,5,8,9,アオフガーベ,牡,2,55.0,阿部龍,113.7,クビ,7,19.0,39.7,9-7,北海道角川秀樹,474.0,10.0,2024102022
2026/07/30,門別,曇,5,JRA認定競走アタックチャレンジ競走(2歳),ダ,1700,稍,10,6,3,3,フルオブポップス,牡,2,55.0,宮内勇樹,113.9,1,8,37.4,40.0,3-5-6,北海道柳澤好美,410.0,0.0,2024106011
2026/07/30,門別,曇,5,JRA認定競走アタックチャレンジ競走(2歳),ダ,1700,稍,10,7,7,8,レモンサワー,牝,2,55.0,落合玄太,114.4,2.1/2,4,11.1,42.0,2-2-1,北海道小国博行,462.0,-8.0,2024102711
2026/07/30,門別,曇,5,JRA認定競走アタックチャレンジ競走(2歳),ダ,1700,稍,10,8,7,7,リュウノソイジャー,牡,2,55.0,亀井洋司,115.2,4,10,297.0,41.3,7-8-6,北海道山田和久,444.0,-4.0,2024102136
2026/07/30,門別,曇,5,JRA認定競走アタックチャレンジ競走(2歳),ダ,1700,稍,10,9,5,5,ウィンターキャビン,牡,2,55.0,桑村真明,115.5,1.1/2,2,3.4,43.4,1-1-1-3,北海道角川秀樹,468.0,-4.0,2024100550
2026/07/30,門別,曇,5,JRA認定競走アタックチャレンジ競走(2歳),ダ,1700,稍,10,10,1,1,アヴェンタ,牡,2,55.0,黒澤愛斗,118.7,大,9,187.2,44.0,8-9-11,北海道佐々木国,472.0,12.0,2024102801
2026/07/30,門別,曇,6,JRA認定競走フレッシュチャレンジ競走(2歳),ダ,1000,稍,9,1,8,9,ファイヤーパターン,牝,2,55.0,岩橋勇二,62.7,,1,1.3,38.4,3-3,北海道田中淳司,422.0,0.0,2024104226
2026/07/30,門別,曇,6,JRA認定競走フレッシュチャレンジ競走(2歳),ダ,1000,稍,9,2,5,5,ウィルフレッド,牡,2,55.0,宮内勇樹,63.0,1.1/2,6,25.0,38.1,6-5,北海道川島洋人,464.0,0.0,2024105451
2026/07/30,門別,曇,6,JRA認定競走フレッシュチャレンジ競走(2歳),ダ,1000,稍,9,3,4,4,エムティアイビー,牝,2,55.0,石川倭,63.1,1/2,5,18.6,37.8,7-6,北海道米川昇,444.0,0.0,2024101365
2026/07/30,門別,曇,6,JRA認定競走フレッシュチャレンジ競走(2歳),ダ,1000,稍,9,4,7,7,ザーゲアバンティ,牡,2,55.0,落合玄太,63.1,ハナ,4,17.3,37.3,8,北海道小国博行,434.0,0.0,2024105004
2026/07/30,門別,曇,6,JRA認定競走フレッシュチャレンジ競走(2歳),ダ,1000,稍,9,5,1,1,コンバットパトリ,牡,2,55.0,松井伸也,63.2,1/2,7,60.1,38.6,4-4,北海道山田和久,446.0,0.0,2024100013
2026/07/30,門別,曇,6,JRA認定競走フレッシュチャレンジ競走(2歳),ダ,1000,稍,9,6,6,6,ヘルエッジロード,牡,2,55.0,阿部龍,63.4,1,2,5.5,39.3,2-2,北海道佐久間雅,424.0,0.0,2024101677
2026/07/30,門別,曇,6,JRA認定競走フレッシュチャレンジ競走(2歳),ダ,1000,稍,9,7,3,3,ダンストンフォルテ,牝,2,55.0,小野楓馬,63.4,アタマ,3,7.6,39.3,1-1,北海道斉藤正弘,444.0,0.0,2024100386
2026/07/30,門別,曇,6,JRA認定競走フレッシュチャレンジ競走(2歳),ダ,1000,稍,9,8,2,2,ダリサス,牡,2,54.0,☆近藤翔月,65.4,大,9,84.9,40.3,5-7,北海道川島雅人,472.0,0.0,2024104568
2026/07/30,門別,曇,6,JRA認定競走フレッシュチャレンジ競走(2歳),ダ,1000,稍,9,9,8,8,ゼニスアスラーダ,牝,2,55.0,桑村真明,68.1,大,8,80.1,42.4,9,北海道柳澤好美,412.0,0.0,2024104253
2026/07/30,門別,曇,7,3歳以上 C3ー2 C4ー1,ダ,1200,稍,9,1,7,7,キタサンモンドー,牡,4,57.0,石川倭,74.5,,2,3.7,37.9,1-3,北海道桧森邦夫,494.0,-6.0,2022103672
2026/07/30,門別,曇,7,3歳以上 C3ー2 C4ー1,ダ,1200,稍,9,2,8,9,ジューンランド,牝,4,55.0,落合玄太,74.5,クビ,3,3.8,37.6,6-4,北海道村上正和,464.0,-6.0,2022100369
2026/07/30,門別,曇,7,3歳以上 C3ー2 C4ー1,ダ,1200,稍,9,3,2,2,サイアミーズ,セ,3,57.0,小野楓馬,75.3,4,1,2.3,38.4,3-5,北海道小野望,480.0,0.0,2023100934
2026/07/30,門別,曇,7,3歳以上 C3ー2 C4ー1,ダ,1200,稍,9,4,4,4,エリオットゲーム,牡,5,55.0,△藤田凌駕,75.3,アタマ,7,28.9,38.1,9-7,北海道斉藤正弘,494.0,2.0,2021102248
2026/07/30,門別,曇,7,3歳以上 C3ー2 C4ー1,ダ,1200,稍,9,5,6,6,アサガオ,牡,4,57.0,宮内勇樹,75.3,アタマ,4,9.0,38.5,2-2,北海道川島洋人,488.0,6.0,2022104290
2026/07/30,門別,曇,7,3歳以上 C3ー2 C4ー1,ダ,1200,稍,9,6,1,1,ウォーキャット,牝,3,55.0,桑村真明,76.0,3,5,10.1,39.0,5-1,北海道角川秀樹,462.0,0.0,2023102627
2026/07/30,門別,曇,7,3歳以上 C3ー2 C4ー1,ダ,1200,稍,9,7,8,8,ラジャアンパット,牝,4,55.0,黒澤愛斗,76.1,3/4,6,22.8,39.3,4-6,北海道森山雄大,522.0,-10.0,2022104955
2026/07/30,門別,曇,7,3歳以上 C3ー2 C4ー1,ダ,1200,稍,9,8,5,5,ユーライナー,牝,5,55.0,井上俊彦,76.3,1,9,231.8,39.1,8-9,北海道櫻井拓章,450.0,4.0,2021107000
2026/07/30,門別,曇,7,3歳以上 C3ー2 C4ー1,ダ,1200,稍,9,9,3,3,レッドコート,牡,5,57.0,松井伸也,76.4,1/2,8,198.3,39.0,7-8,北海道佐久間雅,486.0,8.0,2021102678
2026/07/30,門別,曇,8,JRA認定競走ウィナーズチャレンジ3競走(2歳)OP,ダ,1700,稍,10,1,7,8,タルマエドン,牡,2,55.0,岩橋勇二,111.5,,6,17.7,40.4,4-4-4-2,北海道田中淳司,474.0,2.0,2024101931
2026/07/30,門別,曇,8,JRA認定競走ウィナーズチャレンジ3競走(2歳)OP,ダ,1700,稍,10,2,7,7,ソルデイスター,牡,2,55.0,阿部龍,111.8,1.1/2,1,1.7,40.9,3-2-2-1,北海道角川秀樹,510.0,-8.0,2024106957
2026/07/30,門別,曇,8,JRA認定競走ウィナーズチャレンジ3競走(2歳)OP,ダ,1700,稍,10,3,2,2,プライベートセクタ,牡,2,55.0,石川倭,111.8,ハナ,3,8.1,40.1,5-5-7-5,北海道川島洋人,488.0,-6.0,2024105133
2026/07/30,門別,曇,8,JRA認定競走ウィナーズチャレンジ3競走(2歳)OP,ダ,1700,稍,10,4,8,9,シャディアラ,牝,2,55.0,亀井洋司,111.8,ハナ,7,20.7,39.6,8,北海道佐々木国,510.0,-2.0,2024105536
2026/07/30,門別,曇,8,JRA認定競走ウィナーズチャレンジ3競走(2歳)OP,ダ,1700,稍,10,5,5,5,ゴーゴーミツヒコ,牡,2,55.0,服部茂史,112.4,3,4,11.5,40.9,6-7,北海道田中淳司,490.0,2.0,2024100780
2026/07/30,門別,曇,8,JRA認定競走ウィナーズチャレンジ3競走(2歳)OP,ダ,1700,稍,10,6,4,4,アンサラー,牡,2,55.0,桑村真明,112.6,1,2,4.0,41.5,2-3-3-4,北海道角川秀樹,494.0,-2.0,2024100346
2026/07/30,門別,曇,8,JRA認定競走ウィナーズチャレンジ3競走(2歳)OP,ダ,1700,稍,10,7,3,3,ミッションフェロー,牡,2,55.0,藤田凌駕,112.9,1.1/2,9,54.6,41.0,8-8-9,北海道村上正和,492.0,8.0,2024107081
2026/07/30,門別,曇,8,JRA認定競走ウィナーズチャレンジ3競走(2歳)OP,ダ,1700,稍,10,8,6,6,リュウノジェット,牡,2,55.0,宮内勇樹,113.6,3,10,214.4,40.8,9-10,北海道田中淳司,444.0,4.0,2024102498
2026/07/30,門別,曇,8,JRA認定競走ウィナーズチャレンジ3競走(2歳)OP,ダ,1700,稍,10,9,8,10,カリムパッション,牡,2,55.0,小野楓馬,114.0,2,5,12.6,42.7,6-6-5-6,北海道田中淳司,488.0,-6.0,2024101166
2026/07/30,門別,曇,8,JRA認定競走ウィナーズチャレンジ3競走(2歳)OP,ダ,1700,稍,10,10,1,1,ファイトレーヴ,牡,2,55.0,落合玄太,116.5,大,8,38.1,45.7,1-1-1-3,北海道田中淳司,440.0,2.0,2024100058
2026/07/30,門別,曇,9,北海道日高乳業ヨーグルッペ賞(C3),ダ,1600,稍,11,1,5,5,ウフフトルンナ,牝,5,55.0,小野楓馬,103.8,,3,5.5,41.4,2-2-2,北海道小野望,538.0,0.0,2021101193
2026/07/30,門別,曇,9,北海道日高乳業ヨーグルッペ賞(C3),ダ,1600,稍,11,2,3,3,ヤマニンエラマ,牡,3,57.0,落合玄太,104.1,1.1/2,1,3.4,40.3,6-5-5-5,北海道川島洋人,496.0,2.0,2023104367
2026/07/30,門別,曇,9,北海道日高乳業ヨーグルッペ賞(C3),ダ,1600,稍,11,3,8,11,エムピーフリップ,牡,4,57.0,岩橋勇二,104.7,3,10,114.0,41.3,4-3-4,北海道斉藤正弘,470.0,8.0,2022107304
2026/07/30,門別,曇,9,北海道日高乳業ヨーグルッペ賞(C3),ダ,1600,稍,11,4,6,6,シンデレラダッシュ,牝,4,55.0,服部茂史,104.7,アタマ,2,3.5,40.9,7-7-7-7,北海道田中淳司,476.0,38.0,2022105980
2026/07/30,門別,曇,9,北海道日高乳業ヨーグルッペ賞(C3),ダ,1600,稍,11,5,6,7,ブルーコスモス,牝,3,55.0,阿部龍,104.7,アタマ,4,7.1,42.6,1-1-1-1,北海道角川秀樹,462.0,6.0,2023100827
2026/07/30,門別,曇,9,北海道日高乳業ヨーグルッペ賞(C3),ダ,1600,稍,11,6,4,4,スイートキャンディ,牝,4,55.0,宮内勇樹,105.1,2,6,12.8,41.3,11-8-6-8,北海道石本孝博,486.0,2.0,2022100118
2026/07/30,門別,曇,9,北海道日高乳業ヨーグルッペ賞(C3),ダ,1600,稍,11,7,7,8,ロンギングドルチェ,牝,5,55.0,亀井洋司,105.8,3,5,12.7,42.4,8-6-4-6,北海道柳澤好美,498.0,2.0,2021104890
2026/07/30,門別,曇,9,北海道日高乳業ヨーグルッペ賞(C3),ダ,1600,稍,11,8,2,2,レーザーベルン,牡,3,57.0,黒澤愛斗,106.4,3,8,13.7,41.8,5-4-8-10,北海道小国博行,516.0,-6.0,2023101746
2026/07/30,門別,曇,9,北海道日高乳業ヨーグルッペ賞(C3),ダ,1600,稍,11,9,1,1,マリノシュライエン,牝,6,53.0,△藤田凌駕,106.4,ハナ,11,249.0,41.6,9-10-11,北海道五十嵐冬,446.0,2.0,2020101416
2026/07/30,門別,曇,9,北海道日高乳業ヨーグルッペ賞(C3),ダ,1600,稍,11,10,7,9,ベイストラトラ,牡,4,54.0,▲小川悠汰,106.6,3/4,9,23.9,41.3,10-9-12,北海道桧森邦夫,504.0,-6.0,2022102990
2026/07/30,門別,曇,9,北海道日高乳業ヨーグルッペ賞(C3),ダ,1600,稍,11,11,8,10,ビッグバンドビート,牡,4,56.0,☆近藤翔月,109.9,大,7,13.4,47.1,3-9,北海道桧森邦夫,500.0,12.0,2022107219
2026/07/30,門別,曇,10,グランシャリオドリーム40(C3),ダ,1800,稍,11,1,7,8,ビービーエリス,牡,3,57.0,桑村真明,118.2,,2,2.0,37.7,2-2-2-1,北海道櫻井拓章,438.0,-4.0,2023100550
2026/07/30,門別,曇,10,グランシャリオドリーム40(C3),ダ,1800,稍,11,2,4,4,ホウオウアーネスト,牡,4,57.0,石川倭,118.4,1,1,1.9,37.6,4-2,北海道小国博行,506.0,-6.0,2022103548
2026/07/30,門別,曇,10,グランシャリオドリーム40(C3),ダ,1800,稍,11,3,8,10,マジックライン,牡,5,57.0,岩橋勇二,119.2,4,5,32.4,38.4,5-5-3-4,北海道佐藤英明,496.0,4.0,2021106966
2026/07/30,門別,曇,10,グランシャリオドリーム40(C3),ダ,1800,稍,11,4,6,6,ユニコーンホエール,牡,4,57.0,阿部龍,119.5,1.1/2,6,36.1,38.4,8-8-7,北海道五十嵐冬,460.0,0.0,2022102517
2026/07/30,門別,曇,10,グランシャリオドリーム40(C3),ダ,1800,稍,11,5,8,11,ドクターストップ,牝,4,55.0,服部茂史,120.0,2.1/2,4,21.4,38.9,5,北海道松本隆宏,460.0,-2.0,2022105608
2026/07/30,門別,曇,10,グランシャリオドリーム40(C3),ダ,1800,稍,11,6,5,5,マリノロマンス,牝,5,55.0,落合玄太,120.1,3/4,3,12.3,38.0,6-6-9-8,北海道五十嵐冬,438.0,-8.0,2021101257
2026/07/30,門別,曇,10,グランシャリオドリーム40(C3),ダ,1800,稍,11,7,2,2,トレビアンクリール,牡,5,57.0,宮内勇樹,120.8,3,8,77.6,40.4,1-1-1-3,北海道松本隆宏,444.0,6.0,2021104675
2026/07/30,門別,曇,10,グランシャリオドリーム40(C3),ダ,1800,稍,11,8,7,9,ブッシュドノエル,牝,8,55.0,亀井洋司,121.4,3,11,394.4,39.4,10-10-9,北海道柳澤好美,432.0,0.0,2018105013
2026/07/30,門別,曇,10,グランシャリオドリーム40(C3),ダ,1800,稍,11,9,3,3,カムイノウタゲ,牡,4,57.0,黒澤愛斗,121.4,アタマ,9,123.3,40.1,7-7-6-6,北海道柳澤好美,470.0,0.0,2022106492
2026/07/30,門別,曇,10,グランシャリオドリーム40(C3),ダ,1800,稍,11,10,6,7,ヴィフアクター,牝,4,55.0,小野楓馬,121.8,2,10,168.8,39.7,9-9-10-10,北海道桧森邦夫,464.0,4.0,2022105934
2026/07/30,門別,曇,10,グランシャリオドリーム40(C3),ダ,1800,稍,11,11,1,1,バッハ,牡,3,57.0,松井伸也,121.8,クビ,7,44.6,40.3,4-4-7,北海道森山雄大,482.0,-4.0,2023100318
2026/07/30,門別,曇,11,十勝軽種馬農業協同組合特別(A1),ダ,1000,稍,7,1,2,2,ジャイロ,牡,5,55.0,石川倭,60.7,,1,2.7,36.9,1,北海道村上正和,486.0,2.0,2021100918
2026/07/30,門別,曇,11,十勝軽種馬農業協同組合特別(A1),ダ,1000,稍,7,2,4,4,デアフルーグ,牡,10,55.0,近藤翔月,60.8,クビ,6,13.7,35.6,5,北海道川島洋人,520.0,0.0,2016100358
2026/07/30,門別,曇,11,十勝軽種馬農業協同組合特別(A1),ダ,1000,稍,7,3,3,3,カッパギ,牡,6,55.0,岩橋勇二,60.9,1/2,5,11.4,35.4,6,北海道角川秀樹,470.0,2.0,2020106369
2026/07/30,門別,曇,11,十勝軽種馬農業協同組合特別(A1),ダ,1000,稍,7,4,5,5,ピンクヴェノム,牝,5,54.0,桑村真明,61.2,1.1/2,3,4.9,37.0,5-3,北海道角川秀樹,500.0,8.0,2021101189
2026/07/30,門別,曇,11,十勝軽種馬農業協同組合特別(A1),ダ,1000,稍,7,5,7,7,イッツクール,牡,10,56.0,服部茂史,61.2,クビ,4,5.4,36.8,4,北海道田中淳司,498.0,-4.0,2016102089
2026/07/30,門別,曇,11,十勝軽種馬農業協同組合特別(A1),ダ,1000,稍,7,6,1,1,キタノエクスプレス,牡,8,57.0,落合玄太,61.3,1/2,2,3.1,37.1,4-2,北海道田中淳司,516.0,-4.0,2018102281
2026/07/30,門別,曇,11,十勝軽種馬農業協同組合特別(A1),ダ,1000,稍,7,7,6,6,オメガレインボー,牡,10,57.0,小野楓馬,62.1,4,7,39.9,38.6,2,北海道小野望,480.0,2.0,2016105537
2026/07/30,門別,曇,12,ポラリスサマースプリント〔H3〕(ダノン重賞,ダ,1200,稍,7,1,6,6,ストリーム,牡,5,57.0,岩橋勇二,72.9,,1,1.3,37.2,4-3,北海道田中淳司,488.0,0.0,2021103276
2026/07/30,門別,曇,12,ポラリスサマースプリント〔H3〕(ダノン重賞,ダ,1200,稍,7,2,5,5,スティールペガサス,牡,9,57.0,阿部龍,72.9,クビ,3,5.7,37.0,5-6,北海道角川秀樹,516.0,4.0,2017103511
2026/07/30,門別,曇,12,ポラリスサマースプリント〔H3〕(ダノン重賞,ダ,1200,稍,7,3,3,3,ボイラーハウス,牡,8,57.0,服部茂史,72.9,アタマ,4,10.1,36.7,6-4,北海道田中淳司,534.0,0.0,2018106183
2026/07/30,門別,曇,12,ポラリスサマースプリント〔H3〕(ダノン重賞,ダ,1200,稍,7,4,4,4,モノノフブラック,牝,5,55.0,宮内勇樹,73.6,3,6,103.7,37.9,3-2,北海道松本隆宏,464.0,2.0,2021106136
2026/07/30,門別,曇,12,ポラリスサマースプリント〔H3〕(ダノン重賞,ダ,1200,稍,7,5,2,2,ヤマニンパッセ,牝,4,55.0,落合玄太,74.9,6,2,5.3,40.1,1-1,北海道川島洋人,516.0,-2.0,2022106612
2026/07/30,門別,曇,12,ポラリスサマースプリント〔H3〕(ダノン重賞,ダ,1200,稍,7,6,1,1,レアグリフォン,牡,5,57.0,亀井洋司,75.6,3,7,238.8,39.0,7-7,北海道秋田大助,510.0,-2.0,2021103556
2026/07/30,門別,曇,12,ポラリスサマースプリント〔H3〕(ダノン重賞,ダ,1200,稍,7,7,7,7,ジャスパーメジャー,牡,8,57.0,桑村真明,78.5,大,5,62.6,43.3,2-5,北海道佐久間雅,526.0,6.0,2018110115
2026/07/30,川崎,晴,1,ヒラマサ賞(C3),ダ,900,良,12,1,5,5,カウニスミエリ,牝,4,54.0,田中涼,56.3,,3,4.3,38.6,1-1,川崎久保勇,420.0,-8.0,2022106307
2026/07/30,川崎,晴,1,ヒラマサ賞(C3),ダ,900,良,12,2,8,11,アンジュラプソディ,牝,5,54.0,佐野遥久,56.7,2,4,8.6,38.9,2-2,川崎高橋宏征,513.0,-8.0,2021102858
2026/07/30,川崎,晴,1,ヒラマサ賞(C3),ダ,900,良,12,3,4,4,カルストンオリビア,牝,4,54.0,増田充宏,56.8,3/4,6,34.3,38.7,4-4,川崎八木正喜,412.0,3.0,2022106367
2026/07/30,川崎,晴,1,ヒラマサ賞(C3),ダ,900,良,12,4,8,12,タノシサ,牝,5,54.0,池谷匠翔,56.8,クビ,5,14.4,38.5,6-7,川崎林隆之,486.0,6.0,2021106991
2026/07/30,川崎,晴,1,ヒラマサ賞(C3),ダ,900,良,12,5,5,6,ドラマツルギー,牝,4,53.0,☆中山遥人,56.9,クビ,1,2.4,38.9,3-5,川崎山崎裕也,420.0,-3.0,2022100213
2026/07/30,川崎,晴,1,ヒラマサ賞(C3),ダ,900,良,12,6,1,1,カナサンドー,牝,5,54.0,本田紀忠,57.0,1/2,9,63.7,38.9,5-3,川崎今井輝和,396.0,-3.0,2021101746
2026/07/30,川崎,晴,1,ヒラマサ賞(C3),ダ,900,良,12,7,6,7,コーリングヘニー,牡,5,56.0,野畑凌,57.3,1.1/2,2,3.0,38.7,7-6,川崎山田質,545.0,-19.0,2021107300
2026/07/30,川崎,晴,1,ヒラマサ賞(C3),ダ,900,良,12,8,6,8,フロレシミエント,牝,4,52.0,△加藤雄真,57.5,1,12,189.0,38.9,8-9,川崎村田順一,434.0,-3.0,2022101713
2026/07/30,川崎,晴,1,ヒラマサ賞(C3),ダ,900,良,12,9,2,2,スピークオブデビル,牝,4,54.0,及川烈,57.5,クビ,8,51.1,38.5,11-11,浦和長谷川忍,493.0,-16.0,2022106895
2026/07/30,川崎,晴,1,ヒラマサ賞(C3),ダ,900,良,12,10,7,10,ポルタフェリーチェ,牝,4,51.0,▲高橋優,57.5,ハナ,7,43.1,38.6,10-10,川崎平田正一,458.0,4.0,2022104011
2026/07/30,川崎,晴,1,ヒラマサ賞(C3),ダ,900,良,12,11,7,9,ラインフェルネ,牝,4,54.0,中越琉世,57.7,1,11,186.9,38.4,12-12,川崎武井和実,436.0,-8.0,2022101926
2026/07/30,川崎,晴,1,ヒラマサ賞(C3),ダ,900,良,12,12,3,3,アカルイスモウブ,牝,7,54.0,岡村裕基,58.9,6,10,178.2,40.5,9-8,川崎山田正実,434.0,-4.0,2019106245
2026/07/30,川崎,晴,2,C2一二,ダ,1400,良,11,1,3,3,ピコグリーン,牝,4,54.0,野畑凌,91.4,,3,9.6,38.9,9-9-9-6,川崎佐藤博紀,460.0,9.0,2022101763
2026/07/30,川崎,晴,2,C2一二,ダ,1400,良,11,2,6,7,ライヴバフィ,牡,4,56.0,矢野貴之,92.1,3,1,1.8,40.2,4-4-5-3,川崎高月賢一,485.0,11.0,2022102498
2026/07/30,川崎,晴,2,C2一二,ダ,1400,良,11,3,6,6,シェナベスト,牡,5,56.0,岡村裕基,92.3,3/4,6,14.8,40.5,3-3-4-4,川崎山田正実,478.0,1.0,2021102006
2026/07/30,川崎,晴,2,C2一二,ダ,1400,良,11,4,2,2,ベルレオーネ,牡,4,56.0,和田譲治,92.3,アタマ,2,3.4,40.7,2-2-3-5,川崎鈴木義久,469.0,-3.0,2022103369
2026/07/30,川崎,晴,2,C2一二,ダ,1400,良,11,5,7,8,スウィートドリーム,牝,5,54.0,増田充宏,92.4,1/2,9,49.1,41.0,11-11-1-1,川崎高月賢一,454.0,2.0,2021101508
2026/07/30,川崎,晴,2,C2一二,ダ,1400,良,11,6,7,9,ディルブランド,牡,4,56.0,櫻井光輔,92.5,1/2,8,36.3,40.2,5-5-8-9,浦和海馬澤司,507.0,-2.0,2022107121
2026/07/30,川崎,晴,2,C2一二,ダ,1400,良,11,7,4,4,フィードウィン,セ,4,54.0,△加藤雄真,92.6,1/2,5,14.3,39.9,8-10-11-10,川崎山崎尋美,457.0,-2.0,2022103600
2026/07/30,川崎,晴,2,C2一二,ダ,1400,良,11,8,5,5,デルマツリダシ,セ,6,56.0,西啓太,92.9,1.1/2,10,96.5,40.8,10-8-6-7,川崎山崎裕也,512.0,-1.0,2020102106
2026/07/30,川崎,晴,2,C2一二,ダ,1400,良,11,9,8,10,トーセンアデレード,牝,4,54.0,見越彬央,93.0,クビ,4,12.9,41.6,1-1-2-2,浦和小久保智,434.0,0.0,2022105662
2026/07/30,川崎,晴,2,C2一二,ダ,1400,良,11,10,1,1,オニノタマゴ,牡,5,56.0,古岡勇樹,93.0,クビ,7,29.9,40.7,6-6-7-8,川崎安池成実,487.0,0.0,2021103839
2026/07/30,川崎,晴,2,C2一二,ダ,1400,良,11,11,8,11,コックリサン,牝,4,52.0,神尾香澄,93.6,3,11,269.0,41.1,7-7-10-11,川崎今井輝和,407.0,-6.0,2022106500
2026/07/30,川崎,晴,3,スパーキングデビュー新馬(2歳),ダ,900,良,6,1,4,4,ジョリージャイヴ,牡,2,54.0,野畑凌,55.4,,2,4.9,37.7,1-1,川崎山崎裕也,439.0,0.0,2024101832
2026/07/30,川崎,晴,3,スパーキングデビュー新馬(2歳),ダ,900,良,6,2,6,6,ジャンヌマシェリ,牝,2,54.0,矢野貴之,57.2,9,1,1.1,39.5,2,川崎高月賢一,437.0,0.0,2024107284
2026/07/30,川崎,晴,3,スパーキングデビュー新馬(2歳),ダ,900,良,6,3,5,5,カンシャカンゲキ,牡,2,54.0,池谷匠翔,57.8,3,4,20.0,38.7,3,川崎山田質,472.0,0.0,2024105389
2026/07/30,川崎,晴,3,スパーキングデビュー新馬(2歳),ダ,900,良,6,4,3,3,ラムールサンセール,牝,2,54.0,櫻井光輔,57.9,3/4,5,34.8,38.3,,川崎八木正喜,459.0,0.0,2024107369
2026/07/30,川崎,晴,3,スパーキングデビュー新馬(2歳),ダ,900,良,6,5,2,2,ジャストザクイーン,牝,2,54.0,和田譲治,58.1,1,3,11.8,38.8,4-3,川崎鈴木義久,483.0,0.0,2024101890
2026/07/30,川崎,晴,3,スパーキングデビュー新馬(2歳),ダ,900,良,6,6,1,1,ココカコニコ,牝,2,54.0,本田紀忠,62.1,大,6,106.0,40.3,,川崎平田正一,396.0,0.0,2024104782
2026/07/30,川崎,晴,4,スパーキングデビュー新馬(2歳),ダ,900,良,8,1,6,6,アキヴィオーラ,牝,2,54.0,町田直希,55.6,,1,1.5,37.9,1,川崎山田質,455.0,0.0,2024102659
2026/07/30,川崎,晴,4,スパーキングデビュー新馬(2歳),ダ,900,良,8,2,3,3,ミーリイ,牝,2,54.0,野畑凌,56.6,5,2,2.3,38.6,2,川崎茂木浩幸,422.0,0.0,2024105373
2026/07/30,川崎,晴,4,スパーキングデビュー新馬(2歳),ダ,900,良,8,3,8,8,アクアマナ,牝,2,54.0,和田譲治,56.9,1.1/2,4,29.2,38.6,4,川崎久保勇,408.0,0.0,2024103673
2026/07/30,川崎,晴,4,スパーキングデビュー新馬(2歳),ダ,900,良,8,4,2,2,パタヤビーチ,牝,2,54.0,古岡勇樹,57.5,3,5,32.5,39.5,2,川崎長友豊,441.0,0.0,2024108005
2026/07/30,川崎,晴,4,スパーキングデビュー新馬(2歳),ダ,900,良,8,5,4,4,アットリーチェ,牝,2,54.0,増田充宏,58.0,2.1/2,6,37.3,39.4,6-5,川崎鈴木義久,405.0,0.0,2024101651
2026/07/30,川崎,晴,4,スパーキングデビュー新馬(2歳),ダ,900,良,8,6,7,7,モウエエワ,牡,2,54.0,池谷匠翔,58.1,1/2,3,17.4,40.0,3-3,川崎山崎尋美,480.0,0.0,2024105612
2026/07/30,川崎,晴,4,スパーキングデビュー新馬(2歳),ダ,900,良,8,7,1,1,エポナシャンス,牝,2,54.0,佐野遥久,58.5,2,7,43.6,40.0,5,川崎平田正一,446.0,0.0,2024100911
2026/07/30,川崎,晴,4,スパーキングデビュー新馬(2歳),ダ,900,良,8,8,5,5,テルケンユミツバキ,牝,2,54.0,中越琉世,59.1,3,8,127.2,40.5,7,川崎佐藤博紀,446.0,0.0,2024102339
2026/07/30,川崎,晴,5,C2一二,ダ,1400,良,10,1,6,6,シンボルザサン,セ,5,56.0,佐野遥久,92.4,,8,34.8,40.1,7-9-6,川崎高月賢一,439.0,-3.0,2021105186
2026/07/30,川崎,晴,5,C2一二,ダ,1400,良,10,2,4,4,マッセダムール,牝,4,54.0,笹川翼,92.6,1,1,2.6,40.5,3-2-5-3,川崎林隆之,456.0,3.0,2022107009
2026/07/30,川崎,晴,5,C2一二,ダ,1400,良,10,3,2,2,ウインプリームス,牝,6,54.0,櫻井光輔,92.6,アタマ,5,12.0,40.4,5-4-8-5,川崎吉橋淳一,464.0,8.0,2020105190
2026/07/30,川崎,晴,5,C2一二,ダ,1400,良,10,4,7,7,オリコウパラダイス,牡,4,56.0,伊藤裕人,93.1,2.1/2,4,9.4,41.0,3-3-4,川崎安池成実,480.0,1.0,2022106838
2026/07/30,川崎,晴,5,C2一二,ダ,1400,良,10,5,8,9,ゼンダントモニ,牡,4,56.0,野畑凌,94.4,6,2,2.9,42.5,2-2-1,川崎佐々木仁,473.0,0.0,2022101327
2026/07/30,川崎,晴,5,C2一二,ダ,1400,良,10,6,8,10,ハクシンダンス,牝,4,52.0,中島良美,94.7,1.1/2,6,12.8,42.5,6-7,浦和平山真希,475.0,0.0,2022106974
2026/07/30,川崎,晴,5,C2一二,ダ,1400,良,10,7,1,1,フリージングフォグ,牝,5,54.0,古岡勇樹,94.7,ハナ,7,18.9,43.0,1-1-2,川崎山崎裕也,479.0,4.0,2021101628
2026/07/30,川崎,晴,5,C2一二,ダ,1400,良,10,8,3,3,ボールドポリシー,牝,4,54.0,新原周馬,94.7,ハナ,3,6.4,42.5,6-5-6-7,川崎内田勝義,480.0,1.0,2022105865
2026/07/30,川崎,晴,5,C2一二,ダ,1400,良,10,9,5,5,カレンメラメーラ,牝,5,54.0,木間塚龍,94.8,1/2,9,58.6,42.6,7-4-8,川崎八木正喜,468.0,-5.0,2021102440
2026/07/30,川崎,晴,5,C2一二,ダ,1400,良,10,10,7,8,エルロロ,牝,5,54.0,中越琉世,96.5,8,10,131.4,42.8,10,川崎山田質,550.0,26.0,2021104088
2026/07/30,川崎,晴,6,雷鳴賞(C2),ダ,900,良,11,1,8,11,エースクイーン,牝,6,54.0,鷹見陸,54.8,,1,1.8,37.0,2-2,川崎佐々木仁,443.0,2.0,2020100856
2026/07/30,川崎,晴,6,雷鳴賞(C2),ダ,900,良,11,2,7,9,ブリテン,セ,4,56.0,古岡勇樹,55.6,4,2,3.1,37.5,3-4,川崎田島寿一,520.0,7.0,2022106375
2026/07/30,川崎,晴,6,雷鳴賞(C2),ダ,900,良,11,3,8,10,ミツカネエリーズ,牝,5,54.0,佐野遥久,55.7,1/2,4,12.5,38.0,1-1,川崎高橋宏征,479.0,6.0,2021100455
2026/07/30,川崎,晴,6,雷鳴賞(C2),ダ,900,良,11,4,6,7,シンシアビューティ,牝,4,54.0,新原周馬,55.9,1,5,17.4,37.8,4-3,川崎林隆之,484.0,22.0,2022101534
2026/07/30,川崎,晴,6,雷鳴賞(C2),ダ,900,良,11,5,3,3,パイナ,牝,8,52.0,△山本大翔,56.1,1.1/2,3,8.4,37.8,6-5,船橋大津剛,456.0,-1.0,2018102301
2026/07/30,川崎,晴,6,雷鳴賞(C2),ダ,900,良,11,6,2,2,マイカグラ,牝,6,54.0,田中涼,56.2,クビ,6,19.3,37.3,11-8,川崎武井和実,420.0,-1.0,2020101509
2026/07/30,川崎,晴,6,雷鳴賞(C2),ダ,900,良,11,7,5,5,グァンバーレ,牝,4,54.0,池谷匠翔,56.2,ハナ,9,71.9,37.5,10-7,川崎村田順一,433.0,0.0,2022101009
2026/07/30,川崎,晴,6,雷鳴賞(C2),ダ,900,良,11,8,7,8,オースター,牡,8,56.0,西啓太,56.2,クビ,7,19.6,38.1,5,川崎山崎裕也,469.0,1.0,2018109111
2026/07/30,川崎,晴,6,雷鳴賞(C2),ダ,900,良,11,9,1,1,ヒメカグラ,牝,6,52.0,神尾香澄,56.3,クビ,10,117.2,37.6,8,川崎久保秀男,478.0,-3.0,2020105507
2026/07/30,川崎,晴,6,雷鳴賞(C2),ダ,900,良,11,10,4,4,インマイブラッド,牝,4,54.0,伊藤裕人,56.7,2,8,62.1,37.7,9-9,川崎古澤悟,439.0,5.0,2022104165
2026/07/30,川崎,晴,6,雷鳴賞(C2),ダ,900,良,11,11,6,6,メイワノワ,牝,6,54.0,本田紀忠,56.9,1.1/2,11,219.7,37.7,12-10,川崎河津裕昭,448.0,-1.0,2020105193
2026/07/30,川崎,晴,7,デギュスタシオン賞(C2),ダ,1500,良,14,1,5,8,アリハッピー,牝,5,54.0,岡村裕基,97.3,,6,13.6,41.6,4-5-3-2,川崎安池成実,455.0,1.0,2021104817
2026/07/30,川崎,晴,7,デギュスタシオン賞(C2),ダ,1500,良,14,2,6,9,エールラヴィクトワ,牝,4,54.0,矢野貴之,97.3,アタマ,4,6.4,41.3,7-9-7-6,川崎山崎裕也,439.0,-4.0,2022105834
2026/07/30,川崎,晴,7,デギュスタシオン賞(C2),ダ,1500,良,14,3,8,14,コルネットロッソ,牡,5,56.0,新原周馬,97.4,クビ,1,3.6,41.7,3-6-4-3,川崎林隆之,462.0,4.0,2021100875
2026/07/30,川崎,晴,7,デギュスタシオン賞(C2),ダ,1500,良,14,4,8,13,ブランディストック,セ,4,56.0,和田譲治,97.5,クビ,5,12.6,40.9,12-11,川崎山崎尋美,488.0,-1.0,2022105219
2026/07/30,川崎,晴,7,デギュスタシオン賞(C2),ダ,1500,良,14,5,4,5,フラッシュタイム,牡,4,56.0,岡田大,98.0,2.1/2,12,69.2,41.8,10-10-11-8,浦和吉田正美,542.0,-9.0,2022102662
2026/07/30,川崎,晴,7,デギュスタシオン賞(C2),ダ,1500,良,14,6,6,10,レイニングキング,牡,4,56.0,町田直希,98.1,1/2,9,40.6,41.9,11-11-8-9,川崎内田勝義,470.0,0.0,2022105698
2026/07/30,川崎,晴,7,デギュスタシオン賞(C2),ダ,1500,良,14,7,4,6,サクセスベージュ,セ,6,56.0,笠野雄大,98.3,1,2,3.7,42.8,2-2-1-1,船橋稲益貴弘,474.0,-7.0,2020100459
2026/07/30,川崎,晴,7,デギュスタシオン賞(C2),ダ,1500,良,14,8,5,7,ベラヴィットーリア,牝,4,54.0,櫻井光輔,98.4,クビ,7,16.6,42.7,6-4-6-4,川崎佐藤博紀,520.0,2.0,2022105721
2026/07/30,川崎,晴,7,デギュスタシオン賞(C2),ダ,1500,良,14,9,3,4,ウロボロス,牡,5,56.0,古岡勇樹,98.4,クビ,8,35.2,42.2,9-8-10-10,川崎山崎尋美,464.0,-4.0,2021100628
2026/07/30,川崎,晴,7,デギュスタシオン賞(C2),ダ,1500,良,14,10,7,11,ボルダーオパール,牝,4,52.0,神尾香澄,99.3,4,10,59.4,42.7,12-12,川崎山田質,489.0,1.0,2022104634
2026/07/30,川崎,晴,7,デギュスタシオン賞(C2),ダ,1500,良,14,11,2,2,グラスアラバニーユ,牡,7,56.0,増田充宏,99.5,1,13,92.2,43.3,8-7-9-12,川崎吉橋淳一,467.0,2.0,2019100957
2026/07/30,川崎,晴,7,デギュスタシオン賞(C2),ダ,1500,良,14,12,3,3,エクセルブラック,牡,5,56.0,西啓太,99.9,2,3,4.4,44.4,1-1-2-5,川崎平田正一,449.0,-12.0,2021104491
2026/07/30,川崎,晴,7,デギュスタシオン賞(C2),ダ,1500,良,14,13,1,1,セクシーウィドー,牝,5,54.0,藤田凌,100.3,2,11,63.9,44.6,5-3-5-7,川崎甲田悟史,441.0,-9.0,2021107162
2026/07/30,川崎,晴,7,デギュスタシオン賞(C2),ダ,1500,良,14,14,7,12,クレテイユ,牡,6,56.0,中越琉世,100.8,2.1/2,14,233.8,43.0,,川崎武井和実,472.0,2.0,2020104575
2026/07/30,川崎,晴,8,エベレスト賞(C1),ダ,1600,良,11,1,5,5,フジュム,セ,4,56.0,矢野貴之,105.7,,1,2.2,41.3,2-2-2-1,川崎高月賢一,508.0,4.0,2022101947
2026/07/30,川崎,晴,8,エベレスト賞(C1),ダ,1600,良,11,2,8,10,エスプリゴンザレス,牡,6,56.0,野畑凌,105.7,アタマ,3,6.4,41.1,3-3-3-2,川崎久保秀男,477.0,2.0,2020106308
2026/07/30,川崎,晴,8,エベレスト賞(C1),ダ,1600,良,11,3,7,8,ハクシンドラゴン,セ,4,56.0,櫻井光輔,105.9,1,7,14.9,40.8,7-7-9-9,浦和平山真希,452.0,-5.0,2022106972
2026/07/30,川崎,晴,8,エベレスト賞(C1),ダ,1600,良,11,4,2,2,ウインブリエ,牝,5,54.0,張田昂,106.2,1.1/2,6,14.4,41.3,4-4-7-4,浦和平山真希,528.0,-3.0,2021106221
2026/07/30,川崎,晴,8,エベレスト賞(C1),ダ,1600,良,11,5,8,11,スティールウィル,セ,6,56.0,和田譲治,106.3,3/4,2,3.4,41.6,8-8-4-5,川崎秋山直之,498.0,-7.0,2020103594
2026/07/30,川崎,晴,8,エベレスト賞(C1),ダ,1600,良,11,6,4,4,ジュウニントイロ,牝,4,54.0,伊藤裕人,106.4,3/4,5,12.0,42.0,1-1-1-3,川崎平田正一,492.0,-4.0,2022101714
2026/07/30,川崎,晴,8,エベレスト賞(C1),ダ,1600,良,11,7,3,3,サーブザミッション,牡,5,56.0,池谷匠翔,106.5,クビ,11,144.6,40.8,9-9-11-8,川崎古澤悟,435.0,-9.0,2021104747
2026/07/30,川崎,晴,8,エベレスト賞(C1),ダ,1600,良,11,8,6,6,ビールボーイ,牡,4,56.0,見越彬央,106.7,1,8,57.0,41.4,6-6-10-6,浦和水上直人,449.0,-7.0,2022107052
2026/07/30,川崎,晴,8,エベレスト賞(C1),ダ,1600,良,11,9,7,9,ペータース,牝,5,54.0,笹川翼,106.7,クビ,4,10.6,41.8,5-5-8-7,川崎加藤誠一,439.0,-4.0,2021101536
2026/07/30,川崎,晴,8,エベレスト賞(C1),ダ,1600,良,11,10,6,7,シトロンヴェール,牡,5,56.0,佐野遥久,106.8,クビ,9,65.4,40.9,10-11-12-11,川崎武井和実,530.0,-3.0,2021100199
2026/07/30,川崎,晴,8,エベレスト賞(C1),ダ,1600,良,11,11,1,1,ブルムーンストーン,牡,3,55.0,古岡勇樹,108.9,大,10,76.4,44.2,11-10-5-10,川崎甲田悟史,453.0,-7.0,2023105132
2026/07/30,川崎,晴,9,アルタイル賞(B2B3),ダ,2000,良,11,1,3,3,ラファールドール,セ,5,57.0,笹川翼,133.9,,1,2.4,40.2,4-3-3-2,船橋新井清重,488.0,4.0,2021104889
2026/07/30,川崎,晴,9,アルタイル賞(B2B3),ダ,2000,良,11,2,5,5,レルアバド,牡,4,57.0,矢野貴之,134.0,1/2,2,2.9,40.3,5-5-4-5,船橋森泰斗,512.0,-1.0,2022103536
2026/07/30,川崎,晴,9,アルタイル賞(B2B3),ダ,2000,良,11,3,7,9,カンデラリア,牡,5,57.0,本田正重,134.8,4,3,6.9,40.5,10-10-11-9,船橋新井清重,501.0,-1.0,2021105099
2026/07/30,川崎,晴,9,アルタイル賞(B2B3),ダ,2000,良,11,4,1,1,ジラルデ,牡,6,57.0,岡村健司,135.0,1,11,46.4,41.3,6-7-5-4,船橋山中尊徳,467.0,-5.0,2020105632
2026/07/30,川崎,晴,9,アルタイル賞(B2B3),ダ,2000,良,11,5,6,7,ハクシュ,牡,5,55.0,御神本訓,135.0,アタマ,5,13.1,41.7,2-2-2-3,川崎林隆之,514.0,-6.0,2021107009
2026/07/30,川崎,晴,9,アルタイル賞(B2B3),ダ,2000,良,11,6,4,4,セイノスケ,牡,4,55.0,張田昂,135.1,クビ,6,23.7,41.2,7-6-7-7,浦和平山真希,474.0,-3.0,2022103814
2026/07/30,川崎,晴,9,アルタイル賞(B2B3),ダ,2000,良,11,7,2,2,ヒロシゲジャック,牡,7,57.0,和田譲治,135.2,3/4,8,29.1,41.1,11-11-6-8,船橋山中尊徳,522.0,1.0,2019105856
2026/07/30,川崎,晴,9,アルタイル賞(B2B3),ダ,2000,良,11,8,7,8,オリコウデレガンス,牝,4,55.0,町田直希,135.4,3/4,4,10.8,41.3,8-9-10-10,川崎安池成実,458.0,-3.0,2022100585
2026/07/30,川崎,晴,9,アルタイル賞(B2B3),ダ,2000,良,11,9,6,6,ピノマハナ,牡,4,57.0,櫻井光輔,135.5,1/2,9,35.6,41.6,9-8-9-6,浦和野口孝,487.0,-3.0,2022101000
2026/07/30,川崎,晴,9,アルタイル賞(B2B3),ダ,2000,良,11,10,8,11,オウケンデューク,セ,6,55.0,野畑凌,136.2,3,10,41.9,42.9,1-1-1-1,川崎高月賢一,430.0,-2.0,2020106641
2026/07/30,川崎,晴,9,アルタイル賞(B2B3),ダ,2000,良,11,11,8,10,ヘニーズネフュー,牡,5,55.0,新原周馬,137.5,6,7,25.7,43.6,3-4-8-11,川崎鈴木義久,490.0,13.0,2021106566
2026/07/30,川崎,晴,10,夏至光特別(B2),ダ,1600,良,13,1,5,6,ドウザンワン,牡,5,56.0,新原周馬,104.2,,2,4.8,39.2,10-11-11-9,川崎高月賢一,456.0,1.0,2021102024
2026/07/30,川崎,晴,10,夏至光特別(B2),ダ,1600,良,13,2,4,5,スカイアクロス,牡,6,56.0,張田昂,104.7,2.1/2,4,10.2,40.8,7-5-5-5,川崎山崎裕也,466.0,1.0,2020100359
2026/07/30,川崎,晴,10,夏至光特別(B2),ダ,1600,良,13,3,5,7,ボニーマジェスティ,牡,7,56.0,櫻井光輔,104.7,アタマ,9,31.5,40.5,6-7-7-7,川崎平田正一,504.0,-1.0,2019101665
2026/07/30,川崎,晴,10,夏至光特別(B2),ダ,1600,良,13,4,3,3,エレファントラン,牡,4,56.0,御神本訓,105.1,2,1,2.2,41.6,3-4-3-4,川崎山崎尋美,480.0,2.0,2022105840
2026/07/30,川崎,晴,10,夏至光特別(B2),ダ,1600,良,13,5,8,13,デアシュトゥルム,牡,6,56.0,鷹見陸,105.2,3/4,8,18.8,42.1,2-2-2-1,川崎鈴木義久,481.0,1.0,2020107165
2026/07/30,川崎,晴,10,夏至光特別(B2),ダ,1600,良,13,6,8,12,ラムテリオス,牝,5,54.0,佐野遥久,105.3,クビ,5,11.1,40.0,12-13-11,川崎鈴木義久,474.0,-1.0,2021105178
2026/07/30,川崎,晴,10,夏至光特別(B2),ダ,1600,良,13,7,1,1,フォースゲイト,牡,5,56.0,古岡勇樹,105.3,クビ,6,14.7,41.8,4-3-4-3,川崎山崎裕也,448.0,0.0,2021107309
2026/07/30,川崎,晴,10,夏至光特別(B2),ダ,1600,良,13,8,2,2,サザンカ,牝,5,54.0,西啓太,105.6,1.1/2,13,154.2,41.7,5-6-6-6,川崎長友豊,489.0,-5.0,2021107281
2026/07/30,川崎,晴,10,夏至光特別(B2),ダ,1600,良,13,9,7,10,ハナノウタゲ,牝,4,54.0,木間塚龍,105.7,クビ,7,18.4,41.0,11-10-9-10,川崎山崎裕也,521.0,3.0,2022105491
2026/07/30,川崎,晴,10,夏至光特別(B2),ダ,1600,良,13,10,6,8,バックビート,牡,4,54.0,△加藤雄真,106.3,3,10,43.2,43.4,1-1-1-2,川崎山崎尋美,490.0,-5.0,2022106934
2026/07/30,川崎,晴,10,夏至光特別(B2),ダ,1600,良,13,11,4,4,マイネルディレクト,牡,5,56.0,岡村裕基,106.3,アタマ,12,145.6,41.9,8-8-8,川崎河津裕昭,502.0,-2.0,2021106805
2026/07/30,川崎,晴,10,夏至光特別(B2),ダ,1600,良,13,12,7,11,スカイブルー,牡,4,56.0,増田充宏,108.3,大,11,121.5,42.8,9-12,川崎加藤誠一,499.0,-10.0,2022100136
2026/07/30,川崎,晴,10,夏至光特別(B2),ダ,1600,良,13,13,6,9,ソウルストライク,牡,7,56.0,笹川翼,110.2,9,3,6.6,45.6,9-10,川崎高月賢一,500.0,-35.0,2019105730
2026/07/30,川崎,晴,11,初陣賞(2歳)OP,ダ,1400,良,9,1,6,6,ナイトムーブ,牡,2,54.0,本田正重,91.7,,3,3.9,39.1,2-2-1,川崎酒井忍,470.0,-6.0,2024102915
2026/07/30,川崎,晴,11,初陣賞(2歳)OP,ダ,1400,良,9,2,8,8,ブラフキャッチ,牡,2,54.0,野畑凌,92.1,2,1,3.1,39.3,5-2-3-2,川崎高月賢一,468.0,10.0,2024104377
2026/07/30,川崎,晴,11,初陣賞(2歳)OP,ダ,1400,良,9,3,2,2,サンバルカン,牡,2,54.0,笹川翼,93.7,8,2,3.6,40.9,3-3-4-3,川崎山崎裕也,460.0,3.0,2024101303
2026/07/30,川崎,晴,11,初陣賞(2歳)OP,ダ,1400,良,9,4,7,7,ウィズサークレット,牝,2,54.0,町田直希,93.7,アタマ,7,54.3,40.6,6-6-5,川崎山崎裕也,430.0,4.0,2024105194
2026/07/30,川崎,晴,11,初陣賞(2歳)OP,ダ,1400,良,9,5,3,3,グレーヌドスタール,牡,2,54.0,西啓太,94.3,3,4,5.5,41.5,4-4-5-4,大井穂刈隆志,465.0,2.0,2024100372
2026/07/30,川崎,晴,11,初陣賞(2歳)OP,ダ,1400,良,9,6,1,1,インディゴールド,牡,2,54.0,御神本訓,95.0,3,6,12.9,41.3,9-7-7,川崎田辺陽一,475.0,6.0,2024101189
2026/07/30,川崎,晴,11,初陣賞(2歳)OP,ダ,1400,良,9,7,8,9,マオノスカイ,牝,2,54.0,小杉亮,95.8,4,8,90.3,42.1,7-8,船橋渋谷信博,427.0,-1.0,2024102630
2026/07/30,川崎,晴,11,初陣賞(2歳)OP,ダ,1400,良,9,8,5,5,バースバイパー,牝,2,54.0,佐野遥久,97.4,8,9,119.3,42.7,8-9,川崎久保秀男,464.0,-3.0,2024103993
2026/07/30,川崎,晴,11,初陣賞(2歳)OP,ダ,1400,良,9,9,4,4,シナノクロヌ,牡,2,54.0,矢野貴之,99.7,大,5,8.9,47.4,1-1-6,川崎高月賢一,462.0,2.0,2024101557
2026/07/30,川崎,晴,12,夏紅特別(B3二),ダ,1400,良,11,1,7,9,エムティワイザー,牡,4,56.0,古岡勇樹,90.8,,2,4.4,40.1,1-1-1,川崎山崎裕也,428.0,-1.0,2022107328
2026/07/30,川崎,晴,12,夏紅特別(B3二),ダ,1400,良,11,2,6,6,ピーターライズ,牡,4,56.0,町田直希,90.8,アタマ,1,3.5,39.2,11-6-5,川崎平田正一,497.0,-2.0,2022103752
2026/07/30,川崎,晴,12,夏紅特別(B3二),ダ,1400,良,11,3,6,7,ピーエムナナ,牝,4,54.0,本橋孝太,91.1,1.1/2,4,7.2,39.5,10-8-7,川崎酒井忍,461.0,5.0,2022103436
2026/07/30,川崎,晴,12,夏紅特別(B3二),ダ,1400,良,11,4,1,1,エルガー,牝,4,54.0,矢野貴之,91.4,1.1/2,3,6.9,40.3,4-4-7-6,川崎内田勝義,490.0,8.0,2022103989
2026/07/30,川崎,晴,12,夏紅特別(B3二),ダ,1400,良,11,5,5,5,トウマ,牡,6,56.0,鷹見陸,91.4,アタマ,5,8.3,40.3,6-5-5-4,川崎久保秀男,464.0,-3.0,2020105505
2026/07/30,川崎,晴,12,夏紅特別(B3二),ダ,1400,良,11,6,7,8,バルジェロ,牡,3,55.0,御神本訓,91.5,クビ,9,23.7,40.6,5-3-3-3,川崎山崎裕也,444.0,0.0,2023105609
2026/07/30,川崎,晴,12,夏紅特別(B3二),ダ,1400,良,11,7,8,11,リコーベレッタ,牝,6,54.0,佐野遥久,92.0,2.1/2,7,11.8,41.1,3-4-2,川崎久保秀男,465.0,-6.0,2020102367
2026/07/30,川崎,晴,12,夏紅特別(B3二),ダ,1400,良,11,8,2,2,アンジュメロディ,牝,4,54.0,櫻井光輔,92.0,クビ,11,45.0,40.6,7-6-9,川崎佐藤博紀,466.0,5.0,2022100581
2026/07/30,川崎,晴,12,夏紅特別(B3二),ダ,1400,良,11,9,8,10,サラサチャレンジ,牝,3,53.0,伊藤裕人,92.1,クビ,8,21.2,41.4,2-2,川崎佐々木仁,486.0,-3.0,2023102588
2026/07/30,川崎,晴,12,夏紅特別(B3二),ダ,1400,良,11,10,3,3,ケツァールアズール,牡,3,55.0,中越琉世,93.1,5,6,8.4,41.3,9-9-11-9,川崎佐藤博紀,478.0,-2.0,2023100262
2026/07/30,川崎,晴,12,夏紅特別(B3二),ダ,1400,良,11,11,4,4,タイセイフランク,牡,4,56.0,新原周馬,93.9,4,10,36.1,42.5,8-7-10,川崎内田勝義,493.0,3.0,2022100207
2026/07/30,名古屋,晴,1,名古屋モーニングフィーバー10(3歳),ダ,1500,良,12,1,6,8,テリオスヒナ,牝,3,52.0,▲小笠原羚,97.3,,1,1.5,40.5,3-3-1,愛知宇都英樹,461.0,4.0,2023102859
2026/07/30,名古屋,晴,1,名古屋モーニングフィーバー10(3歳),ダ,1500,良,12,2,6,7,ヘヴンリースカイ,牝,3,55.0,大畑雅章,97.7,2,5,16.4,41.0,2-2,愛知川西毅,482.0,3.0,2023106515
2026/07/30,名古屋,晴,1,名古屋モーニングフィーバー10(3歳),ダ,1500,良,12,3,1,1,シンクシビリティ,牝,3,55.0,渡辺竜也,97.8,クビ,4,10.2,40.6,5-6-3,愛知植松則幸,446.0,0.0,2023101349
2026/07/30,名古屋,晴,1,名古屋モーニングフィーバー10(3歳),ダ,1500,良,12,4,5,5,フローラルウェイ,牝,3,55.0,加藤聡一,97.8,ハナ,10,131.7,40.2,10-9-6,愛知植松則幸,453.0,-3.0,2023101861
2026/07/30,名古屋,晴,1,名古屋モーニングフィーバー10(3歳),ダ,1500,良,12,5,3,3,ハタノグランクリュ,セ,3,57.0,望月洵輝,98.1,1.1/2,2,4.2,41.1,6-5-4,愛知今津博之,462.0,-2.0,2023100828
2026/07/30,名古屋,晴,1,名古屋モーニングフィーバー10(3歳),ダ,1500,良,12,6,7,9,アウトリュコス,牡,3,57.0,塚本征吾,98.6,2.1/2,3,7.1,41.1,9-8-7,愛知横井将人,534.0,2.0,2023106804
2026/07/30,名古屋,晴,1,名古屋モーニングフィーバー10(3歳),ダ,1500,良,12,7,5,6,クモンリュウ,牡,3,57.0,細川智史,98.7,クビ,11,289.4,41.3,7-7-8,愛知地辺幸一,556.0,7.0,2023100378
2026/07/30,名古屋,晴,1,名古屋モーニングフィーバー10(3歳),ダ,1500,良,12,8,2,2,モメンタムシフト,牡,3,57.0,阪野学,98.8,クビ,9,109.3,40.9,8-11-10,愛知榎屋充,490.0,2.0,2023100783
2026/07/30,名古屋,晴,1,名古屋モーニングフィーバー10(3歳),ダ,1500,良,12,9,8,11,スエ,牝,3,55.0,丸野勝虎,98.8,クビ,6,42.8,41.0,11-10-9,愛知角田輝也,437.0,0.0,2023105598
2026/07/30,名古屋,晴,1,名古屋モーニングフィーバー10(3歳),ダ,1500,良,12,10,8,12,ロマンズロック,牡,3,57.0,大原浩司,99.1,1.1/2,7,70.8,42.2,4-4-5,愛知櫻井今朝,460.0,-2.0,2023102657
2026/07/30,名古屋,晴,1,名古屋モーニングフィーバー10(3歳),ダ,1500,良,12,11,4,4,パッションマーレ,牝,3,55.0,大畑慧悟,99.7,3,8,90.0,43.0,1-1,愛知川西毅,414.0,6.0,2023105989
2026/07/30,名古屋,晴,1,名古屋モーニングフィーバー10(3歳),ダ,1500,良,12,取消,7,10,ナムラハンナ,牝,3,55.0,今井貴大,,,,,,,愛知沖田明子,,,2023106221
2026/07/30,名古屋,晴,2,2歳2組,ダ,1500,良,10,1,8,10,ナガノアリス,牝,2,55.0,渡辺竜也,99.3,,2,3.0,40.9,2-1-1,愛知藤ヶ崎一,446.0,-3.0,2024105359
2026/07/30,名古屋,晴,2,2歳2組,ダ,1500,良,10,2,7,7,ケイズヴェロシティ,牡,2,56.0,望月洵輝,99.5,1,1,1.7,41.0,3-2,愛知榎屋充,467.0,-1.0,2024103730
2026/07/30,名古屋,晴,2,2歳2組,ダ,1500,良,10,3,4,4,ディヴィナス,牡,2,56.0,大畑慧悟,101.2,8,5,22.0,42.2,,愛知横井将人,446.0,2.0,2024101348
2026/07/30,名古屋,晴,2,2歳2組,ダ,1500,良,10,4,8,9,ルクスオリジン,牡,2,56.0,細川智史,102.0,4,3,9.8,42.5,6-4,愛知地辺幸一,405.0,0.0,2024101044
2026/07/30,名古屋,晴,2,2歳2組,ダ,1500,良,10,5,7,8,ヘルツクライス,牝,2,55.0,加藤聡一,102.3,1.1/2,9,94.2,42.8,7-5,愛知宮下瞳,437.0,-1.0,2024101190
2026/07/30,名古屋,晴,2,2歳2組,ダ,1500,良,10,6,1,1,ラルスチェイサー,牝,2,55.0,阪野学,103.3,5,7,53.7,44.8,1-3,愛知榎屋充,431.0,8.0,2024105655
2026/07/30,名古屋,晴,2,2歳2組,ダ,1500,良,10,7,5,5,カクシンパーティー,牝,2,52.0,▲近藤颯羽,104.4,5,6,28.1,45.2,4-4-6,愛知宮下瞳,387.0,13.0,2024102090
2026/07/30,名古屋,晴,2,2歳2組,ダ,1500,良,10,8,6,6,コママイス,牝,2,53.0,木之前葵,105.3,4,8,61.5,44.9,8,愛知榎屋充,389.0,-4.0,2024105261
2026/07/30,名古屋,晴,2,2歳2組,ダ,1500,良,10,9,2,2,ダイユーホーク,牡,2,56.0,加藤利征,107.1,9,10,270.4,47.7,5-5-7,愛知錦見勇夫,470.0,4.0,2024105707
2026/07/30,名古屋,晴,2,2歳2組,ダ,1500,良,10,10,3,3,ノースバレリーナ,牝,2,55.0,塚本征吾,111.4,大,4,9.9,49.5,9,愛知櫻井今朝,441.0,-17.0,2024100530
2026/07/30,名古屋,晴,3,サンシャイン特別(2歳),ダ,1500,良,10,1,8,9,エンジェルリング,牝,2,55.0,今井貴大,98.5,,2,3.6,40.8,4-4-1,愛知宮下瞳,441.0,0.0,2024101580
2026/07/30,名古屋,晴,3,サンシャイン特別(2歳),ダ,1500,良,10,2,5,5,エールエクスプレス,牝,2,55.0,細川智史,98.8,1.1/2,4,8.8,41.4,3-1-2,愛知角田輝也,446.0,-1.0,2024102758
2026/07/30,名古屋,晴,3,サンシャイン特別(2歳),ダ,1500,良,10,3,3,3,セバスティアン,牡,2,56.0,望月洵輝,99.1,1.1/2,3,4.2,41.3,8-6-4,愛知沖田明子,409.0,-6.0,2024106978
2026/07/30,名古屋,晴,3,サンシャイン特別(2歳),ダ,1500,良,10,4,8,10,ロイヤルアンバー,牡,2,56.0,大畑慧悟,99.8,3,1,2.3,42.2,5-2-3,愛知倉地学,463.0,-2.0,2024101777
2026/07/30,名古屋,晴,3,サンシャイン特別(2歳),ダ,1500,良,10,5,4,4,ニシキクイーン,牝,2,53.0,木之前葵,100.4,3,9,122.1,42.2,8,愛知錦見勇夫,414.0,-1.0,2024100218
2026/07/30,名古屋,晴,3,サンシャイン特別(2歳),ダ,1500,良,10,6,6,6,ダバイストリーム,牝,2,55.0,加藤聡一,100.8,2,5,9.6,41.9,,愛知竹下太,461.0,1.0,2024103274
2026/07/30,名古屋,晴,3,サンシャイン特別(2歳),ダ,1500,良,10,7,1,1,アルバイトボシュウ,牝,2,55.0,大畑雅章,102.4,8,10,183.7,44.7,1-5-6,愛知坂口義幸,408.0,4.0,2024101535
2026/07/30,名古屋,晴,3,サンシャイン特別(2歳),ダ,1500,良,10,8,2,2,リュウワンニーケー,牝,2,52.0,▲近藤颯羽,102.8,2,8,61.4,45.2,2-3,愛知藤ヶ崎一,377.0,-2.0,2024101009
2026/07/30,名古屋,晴,3,サンシャイン特別(2歳),ダ,1500,良,10,9,7,7,シルダリヤ,牝,2,55.0,筒井勇介,106.8,大,6,19.5,48.3,7,愛知藤ヶ崎一,481.0,4.0,2024106820
2026/07/30,名古屋,晴,3,サンシャイン特別(2歳),ダ,1500,良,10,10,7,8,ヤマビッグ,牝,2,52.0,▲小笠原羚,106.8,アタマ,7,61.0,48.7,6-7,愛知錦見勇夫,419.0,5.0,2024103661
2026/07/30,名古屋,晴,4,名古屋から世界へ!馬主デビュー(3歳),ダ,1500,良,12,1,6,8,ベイビーメイビー,牝,3,55.0,塚本征吾,97.2,,2,3.8,39.8,2-2-2,愛知宇都英樹,439.0,-3.0,2023100184
2026/07/30,名古屋,晴,4,名古屋から世界へ!馬主デビュー(3歳),ダ,1500,良,12,2,2,2,ベベペッパー,牝,3,55.0,今井貴大,97.4,1,1,2.0,40.0,1-1-1,愛知宇都英樹,442.0,-4.0,2023106858
2026/07/30,名古屋,晴,4,名古屋から世界へ!馬主デビュー(3歳),ダ,1500,良,12,3,5,6,ウインクリンゲル,牡,3,57.0,丹羽克輝,98.1,3,3,5.7,40.2,7-6-4,愛知横井将人,523.0,2.0,2023105885
2026/07/30,名古屋,晴,4,名古屋から世界へ!馬主デビュー(3歳),ダ,1500,良,12,4,6,7,アンファール,牝,3,55.0,大原浩司,98.1,アタマ,5,13.1,40.0,8-8-8,愛知原口次夫,415.0,-4.0,2023104466
2026/07/30,名古屋,晴,4,名古屋から世界へ!馬主デビュー(3歳),ダ,1500,良,12,5,8,11,エバーウインド,牝,3,55.0,筒井勇介,98.3,3/4,7,39.2,40.5,6-4-7,愛知植松則幸,443.0,9.0,2023103352
2026/07/30,名古屋,晴,4,名古屋から世界へ!馬主デビュー(3歳),ダ,1500,良,12,6,3,3,ホレキタヤレキタ,牡,3,54.0,▲近藤颯羽,98.4,3/4,6,28.0,39.5,12-12-11,愛知藤ヶ崎一,440.0,-6.0,2023104821
2026/07/30,名古屋,晴,4,名古屋から世界へ!馬主デビュー(3歳),ダ,1500,良,12,7,5,5,ゴッドシュアウイン,牡,3,57.0,渡辺竜也,98.6,1,4,6.6,41.0,3-3-3,愛知植松則幸,494.0,-11.0,2023105026
2026/07/30,名古屋,晴,4,名古屋から世界へ!馬主デビュー(3歳),ダ,1500,良,12,8,7,10,グレーターグレイ,牝,3,53.0,木之前葵,98.6,クビ,10,118.9,40.8,5-5-6,愛知井手上慎,426.0,1.0,2023100719
2026/07/30,名古屋,晴,4,名古屋から世界へ!馬主デビュー(3歳),ダ,1500,良,12,9,1,1,ウインモアナ,牝,3,52.0,▲小笠原羚,99.2,3,11,244.3,40.4,11-11,愛知塚田隆男,420.0,2.0,2023105867
2026/07/30,名古屋,晴,4,名古屋から世界へ!馬主デビュー(3歳),ダ,1500,良,12,10,4,4,ブルースプレイヤー,牡,3,57.0,阪野学,99.3,クビ,8,57.8,41.4,4-7-5,愛知今津勝之,566.0,5.0,2023103432
2026/07/30,名古屋,晴,4,名古屋から世界へ!馬主デビュー(3歳),ダ,1500,良,12,11,7,9,キタカラキタマアヤ,牝,3,55.0,大畑慧悟,99.4,1/2,12,268.9,40.9,10-10,愛知倉地学,404.0,-2.0,2023106015
2026/07/30,名古屋,晴,4,名古屋から世界へ!馬主デビュー(3歳),ダ,1500,良,12,12,8,12,コスモギオン,牡,3,57.0,丸野勝虎,99.7,1.1/2,9,111.4,41.4,9-9-10,愛知迫田清美,463.0,4.0,2023106460
2026/07/30,名古屋,晴,5,ハンブルグ疾風戦(3歳),ダ,920,良,12,1,8,11,ユイノレジスタンス,牡,3,57.0,今井貴大,57.2,,3,6.1,37.4,2,愛知竹下直人,484.0,3.0,2023100835
2026/07/30,名古屋,晴,5,ハンブルグ疾風戦(3歳),ダ,920,良,12,2,7,9,フェスティヴニーサ,牡,3,57.0,塚本征吾,57.2,アタマ,4,6.3,36.8,4,愛知地辺幸一,455.0,2.0,2023100667
2026/07/30,名古屋,晴,5,ハンブルグ疾風戦(3歳),ダ,920,良,12,3,2,2,スタープレイン,牡,3,54.0,▲小笠原羚,57.3,3/4,6,22.4,37.4,1,愛知原口次夫,466.0,1.0,2023101080
2026/07/30,名古屋,晴,5,ハンブルグ疾風戦(3歳),ダ,920,良,12,4,6,8,ケイズシャーロット,牝,3,55.0,加藤聡一,57.5,3/4,1,2.2,37.5,3,愛知榎屋充,487.0,8.0,2023106035
2026/07/30,名古屋,晴,5,ハンブルグ疾風戦(3歳),ダ,920,良,12,5,5,6,ブルーアンバー,牝,3,55.0,丸野勝虎,58.0,2.1/2,2,4.3,37.4,,愛知迫田清美,411.0,-7.0,2023106604
2026/07/30,名古屋,晴,5,ハンブルグ疾風戦(3歳),ダ,920,良,12,6,1,1,クリコメリー,牝,3,52.0,▲近藤颯羽,58.1,クビ,9,28.7,37.1,8,愛知瀬戸口悟,428.0,1.0,2023101603
2026/07/30,名古屋,晴,5,ハンブルグ疾風戦(3歳),ダ,920,良,12,7,3,3,アイオロステソーロ,牡,3,55.0,木之前葵,58.2,3/4,5,13.2,37.9,6,愛知井上哲,454.0,2.0,2023106728
2026/07/30,名古屋,晴,5,ハンブルグ疾風戦(3歳),ダ,920,良,12,8,8,12,デスヨッテニ,牝,3,55.0,筒井勇介,58.3,1/2,10,81.6,38.3,5,愛知井上哲,426.0,-9.0,2023103640
2026/07/30,名古屋,晴,5,ハンブルグ疾風戦(3歳),ダ,920,良,12,9,6,7,クィーンズローズ,牝,3,55.0,丸山真一,58.5,1.1/2,8,27.8,37.9,,愛知原口次夫,493.0,0.0,2023102634
2026/07/30,名古屋,晴,5,ハンブルグ疾風戦(3歳),ダ,920,良,12,10,7,10,アマビエ,牝,3,55.0,望月洵輝,58.8,1.1/2,11,105.6,37.8,9,愛知井上哲,398.0,1.0,2023103060
2026/07/30,名古屋,晴,5,ハンブルグ疾風戦(3歳),ダ,920,良,12,11,5,5,ファビュラスベガス,牝,3,55.0,細川智史,59.2,2,7,23.2,38.8,,愛知榎屋充,419.0,-7.0,2023103545
2026/07/30,名古屋,晴,5,ハンブルグ疾風戦(3歳),ダ,920,良,12,12,4,4,ウインアレグロ,牝,3,55.0,大畑雅章,59.4,1,12,270.8,37.5,,愛知地辺幸一,470.0,-2.0,2023105882
2026/07/30,名古屋,晴,6,C5組,ダ,1500,良,12,1,3,3,ラヴァーズブルー,牝,4,55.0,加藤聡一,96.7,,1,2.0,39.5,1-1-2,愛知川西毅,463.0,-1.0,2022106932
2026/07/30,名古屋,晴,6,C5組,ダ,1500,良,12,2,2,2,ポムドール,牝,4,55.0,今井貴大,97.0,1.1/2,2,2.1,39.6,3-3-1,愛知宮下瞳,490.0,28.0,2022103921
2026/07/30,名古屋,晴,6,C5組,ダ,1500,良,12,3,6,7,ゴールドプラン,牝,4,52.0,▲小笠原羚,97.6,3,4,11.8,39.7,8-9-4,愛知塚田隆男,437.0,2.0,2022102172
2026/07/30,名古屋,晴,6,C5組,ダ,1500,良,12,4,5,5,セブンスプリングス,セ,4,57.0,塚本征吾,97.9,1.1/2,3,10.9,40.4,5-4-3,愛知戸部尚実,467.0,-7.0,2022104785
2026/07/30,名古屋,晴,6,C5組,ダ,1500,良,12,5,8,12,シャイニングウェイ,牝,5,55.0,阪野学,98.0,1/2,10,113.7,39.4,10-8,愛知塚田隆男,466.0,-1.0,2021100484
2026/07/30,名古屋,晴,6,C5組,ダ,1500,良,12,6,7,10,ザボドフスキー,牡,4,57.0,加藤誓二,98.1,クビ,9,69.4,40.4,6-7,愛知宮本仁,439.0,-1.0,2022109169
2026/07/30,名古屋,晴,6,C5組,ダ,1500,良,12,7,6,8,ヴァークスティ,牡,6,57.0,筒井勇介,98.2,1/2,12,273.3,40.3,8-6,愛知戸部尚実,472.0,-5.0,2020101878
2026/07/30,名古屋,晴,6,C5組,ダ,1500,良,12,8,4,4,チャットケリー,牝,4,55.0,村上弘樹,98.8,3,6,37.7,41.5,2-2-5,愛知榎屋充,437.0,2.0,2022101146
2026/07/30,名古屋,晴,6,C5組,ダ,1500,良,12,9,1,1,ロジスクリーン,牝,5,55.0,細川智史,99.6,4,11,237.1,41.4,7-9,愛知瀬戸口悟,418.0,2.0,2021101373
2026/07/30,名古屋,晴,6,C5組,ダ,1500,良,12,10,5,6,ウォーターリッシュ,牝,5,55.0,加藤利征,100.6,5,8,58.6,43.1,4-5-10,愛知塚田隆男,453.0,3.0,2021100954
2026/07/30,名古屋,晴,6,C5組,ダ,1500,良,12,11,8,11,ニホンピログリット,牡,6,57.0,大畑慧悟,102.0,7,7,40.6,44.2,9-7-11,愛知今津博之,529.0,0.0,2020104221
2026/07/30,名古屋,晴,6,C5組,ダ,1500,良,12,中止,7,9,デルマガニメデ,牡,4,57.0,大畑雅章,,,5,30.4,,,愛知井手上慎,480.0,3.0,2022105243
2026/07/30,名古屋,晴,7,南陽賞(C),ダ,1400,良,12,1,7,10,アミアン,牝,5,55.0,大原浩司,91.2,,6,49.8,40.1,4-2,愛知櫻井今朝,431.0,-1.0,2021104881
2026/07/30,名古屋,晴,7,南陽賞(C),ダ,1400,良,12,2,6,8,マルクパージュ,牝,6,52.0,▲小笠原羚,91.2,クビ,8,61.6,39.4,,愛知坂口義幸,440.0,-11.0,2020103495
2026/07/30,名古屋,晴,7,南陽賞(C),ダ,1400,良,12,3,7,9,トモエゴゼン,牝,4,55.0,加藤聡一,91.4,1,1,2.5,40.3,3-3-3,愛知今津博之,493.0,-2.0,2022102969
2026/07/30,名古屋,晴,7,南陽賞(C),ダ,1400,良,12,4,5,5,メイショウイチモン,牡,4,54.0,▲近藤颯羽,91.7,1.1/2,2,2.9,40.7,2-2-1,愛知藤ヶ崎一,510.0,-1.0,2022100208
2026/07/30,名古屋,晴,7,南陽賞(C),ダ,1400,良,12,5,4,4,マンノミューズ,牝,4,55.0,丸野勝虎,92.3,3,3,3.7,40.1,5,愛知安部幸夫,444.0,3.0,2022106518
2026/07/30,名古屋,晴,7,南陽賞(C),ダ,1400,良,12,6,6,7,パープルルージュ,牝,4,55.0,望月洵輝,92.4,1/2,4,6.1,39.9,6-6,愛知安部幸夫,434.0,9.0,2022102381
2026/07/30,名古屋,晴,7,南陽賞(C),ダ,1400,良,12,7,3,3,ミキノオーボエ,牝,4,55.0,阪野学,92.6,1,9,142.4,39.5,9-6,愛知井上哲,497.0,6.0,2022102592
2026/07/30,名古屋,晴,7,南陽賞(C),ダ,1400,良,12,8,8,12,オールオンフリーク,牝,5,55.0,東川慎,93.0,2,10,222.6,40.3,7-7,愛知戸部尚実,418.0,10.0,2021104190
2026/07/30,名古屋,晴,7,南陽賞(C),ダ,1400,良,12,9,5,6,ソブリンルーラー,セ,6,57.0,山田祥雄,93.6,3,11,395.4,39.9,8,愛知井手上慎,433.0,-1.0,2020102758
2026/07/30,名古屋,晴,7,南陽賞(C),ダ,1400,良,12,10,8,11,パリパリライズ,牝,4,55.0,加藤誓二,93.6,クビ,5,49.0,40.6,7-8-9,愛知宮本仁,491.0,-1.0,2022107205
2026/07/30,名古屋,晴,7,南陽賞(C),ダ,1400,良,12,11,1,1,ビナベンチェ,牝,4,55.0,今井貴大,95.1,7,7,51.3,44.1,1-1-4,愛知今津博之,444.0,17.0,2022100111
2026/07/30,名古屋,晴,7,南陽賞(C),ダ,1400,良,12,取消,2,2,ソダチザカリ,牝,4,53.0,木之前葵,,,,,,,愛知今津勝之,,,2022102149
2026/07/30,名古屋,晴,8,B8組,ダ,1500,良,12,1,3,3,アーニャアザザマス,牝,5,55.0,望月洵輝,97.4,,3,6.5,40.4,3-3-4,愛知川西毅,471.0,0.0,2021100835
2026/07/30,名古屋,晴,8,B8組,ダ,1500,良,12,2,8,12,デトネイター,牝,6,52.0,▲近藤颯羽,97.4,ハナ,5,8.7,40.2,6-4-5,愛知竹下太,499.0,2.0,2020105915
2026/07/30,名古屋,晴,8,B8組,ダ,1500,良,12,3,7,10,エドノバイオレット,牝,7,55.0,筒井勇介,97.4,クビ,4,6.9,40.7,1-1-1,愛知戸部尚実,474.0,-1.0,2019102909
2026/07/30,名古屋,晴,8,B8組,ダ,1500,良,12,4,7,9,メタルクラフト,牡,6,57.0,丸野勝虎,97.4,アタマ,6,10.4,40.0,7-6-6,愛知荒巻透,479.0,-5.0,2020104261
2026/07/30,名古屋,晴,8,B8組,ダ,1500,良,12,5,5,5,フィナルフェリス,牝,4,55.0,塚本征吾,98.1,3,8,15.9,40.2,8,愛知原口次夫,417.0,-5.0,2022102426
2026/07/30,名古屋,晴,8,B8組,ダ,1500,良,12,6,5,6,テレヴァカ,牝,4,55.0,村上弘樹,98.3,1,9,16.0,40.0,9-10-10,愛知竹下直人,449.0,6.0,2022102099
2026/07/30,名古屋,晴,8,B8組,ダ,1500,良,12,7,4,4,オニクダイスキマン,牡,7,54.0,▲小笠原羚,98.3,クビ,11,39.2,39.6,11-11-9,愛知井上哲,415.0,-13.0,2019106109
2026/07/30,名古屋,晴,8,B8組,ダ,1500,良,12,8,6,7,シャッフルガール,牝,5,55.0,加藤聡一,98.4,1/2,7,11.4,41.0,4-7,愛知原口次夫,459.0,2.0,2021103202
2026/07/30,名古屋,晴,8,B8組,ダ,1500,良,12,9,6,8,ハーピークオーレ,牝,5,55.0,渡辺竜也,98.5,クビ,1,4.1,41.6,2-2-3,愛知倉地学,465.0,8.0,2021103759
2026/07/30,名古屋,晴,8,B8組,ダ,1500,良,12,10,1,1,リンクスターツ,牡,7,57.0,今井貴大,98.5,ハナ,2,4.5,41.3,5-5-2,愛知榎屋充,432.0,-8.0,2019102119
2026/07/30,名古屋,晴,8,B8組,ダ,1500,良,12,11,8,11,グールマン,牡,4,57.0,大畑慧悟,99.8,6,10,27.1,41.6,10-9,愛知坂口義幸,515.0,-1.0,2022102801
2026/07/30,名古屋,晴,8,B8組,ダ,1500,良,12,12,2,2,グランプリショット,牡,5,57.0,丹羽克輝,101.8,大,12,152.1,44.0,11,愛知竹之下昭,487.0,-5.0,2021104631
2026/07/30,名古屋,晴,9,B7組,ダ,1500,良,12,1,1,1,エイシンナザレ,牝,4,52.0,▲近藤颯羽,97.1,,2,3.2,40.4,1-1-2,愛知今津勝之,469.0,-2.0,2022100566
2026/07/30,名古屋,晴,9,B7組,ダ,1500,良,12,2,8,12,コスモナッシュビル,牡,4,57.0,今井貴大,97.4,1.1/2,1,2.3,40.6,3-3-3,愛知宇都英樹,509.0,-3.0,2022103990
2026/07/30,名古屋,晴,9,B7組,ダ,1500,良,12,3,2,2,セイウンピカイチ,牡,4,57.0,大畑慧悟,97.6,1,4,12.6,40.0,9-5,愛知安部幸夫,480.0,-5.0,2022102706
2026/07/30,名古屋,晴,9,B7組,ダ,1500,良,12,4,5,6,ウォーオブサウンド,牡,5,57.0,塚本征吾,97.7,1/2,3,7.2,40.7,4-4-1,愛知戸部尚実,508.0,-10.0,2021103284
2026/07/30,名古屋,晴,9,B7組,ダ,1500,良,12,5,3,3,ラントリサント,牝,5,55.0,筒井勇介,97.8,1/2,8,26.4,40.5,6-6-8,愛知植松則幸,450.0,-5.0,2021105912
2026/07/30,名古屋,晴,9,B7組,ダ,1500,良,12,6,7,10,レースノワエ,牝,5,55.0,渡辺竜也,98.1,1.1/2,5,12.9,40.6,7-8-9,愛知植松則幸,443.0,0.0,2021100988
2026/07/30,名古屋,晴,9,B7組,ダ,1500,良,12,7,7,9,サンマイメ,牡,4,57.0,大原浩司,98.3,1.1/2,11,74.4,40.5,9-10,愛知地辺幸一,485.0,4.0,2022103878
2026/07/30,名古屋,晴,9,B7組,ダ,1500,良,12,8,8,11,アーキハッカー,牡,4,57.0,加藤誓二,98.4,1/2,10,40.1,41.4,5-5-6,愛知藤ヶ崎一,475.0,-2.0,2022104525
2026/07/30,名古屋,晴,9,B7組,ダ,1500,良,12,9,6,7,ミヤイグアス,牝,4,55.0,細川智史,98.9,2.1/2,7,22.2,42.2,2-2-4,愛知今津勝之,457.0,-2.0,2022102142
2026/07/30,名古屋,晴,9,B7組,ダ,1500,良,12,10,5,5,メイショウマクジキ,牡,4,57.0,加藤利征,99.1,1,6,19.5,41.7,8-7-7,愛知植松則幸,486.0,1.0,2022102576
2026/07/30,名古屋,晴,9,B7組,ダ,1500,良,12,11,4,4,モアサナイト,牝,4,55.0,望月洵輝,99.5,2,9,27.0,39.2,,愛知竹下太,436.0,-2.0,2022105568
2026/07/30,名古屋,晴,9,B7組,ダ,1500,良,12,12,6,8,エクメノポリス,牡,4,57.0,丹羽克輝,99.6,3/4,12,81.3,42.0,10-10,愛知井手上慎,484.0,2.0,2022107298
2026/07/30,名古屋,晴,10,B6組,ダ,1500,良,12,1,7,10,ブルースバローズ,セ,4,57.0,加藤聡一,96.2,,1,1.2,39.2,6-5-1,愛知角田輝也,508.0,-1.0,2022101397
2026/07/30,名古屋,晴,10,B6組,ダ,1500,良,12,2,5,5,ヴァルドグラース,牝,4,53.0,木之前葵,97.4,6,4,16.6,40.3,4-6-5,愛知錦見勇夫,447.0,2.0,2022105736
2026/07/30,名古屋,晴,10,B6組,ダ,1500,良,12,3,8,11,バウブロッサム,牝,5,55.0,細川智史,97.4,アタマ,11,133.6,40.6,2-2-4,愛知塚田隆男,434.0,-6.0,2021101774
2026/07/30,名古屋,晴,10,B6組,ダ,1500,良,12,4,5,6,ヤマカツライコウ,セ,4,57.0,大畑慧悟,97.6,1,6,28.4,40.4,7-7-2,愛知横井将人,487.0,13.0,2022104415
2026/07/30,名古屋,晴,10,B6組,ダ,1500,良,12,5,6,8,ビッグベッター,牡,7,57.0,丹羽克輝,97.8,1,9,87.3,41.1,1-1-3,愛知井手上慎,443.0,-1.0,2019106405
2026/07/30,名古屋,晴,10,B6組,ダ,1500,良,12,6,4,4,トップパワー,牡,4,57.0,東川慎,97.8,クビ,2,6.9,40.5,8-7,愛知井上哲,468.0,-3.0,2022106868
2026/07/30,名古屋,晴,10,B6組,ダ,1500,良,12,7,2,2,タマモルピナス,牝,5,52.0,▲近藤颯羽,98.1,1.1/2,8,61.8,39.6,10-10,愛知原口次夫,456.0,-8.0,2021104524
2026/07/30,名古屋,晴,10,B6組,ダ,1500,良,12,8,7,9,サンセットベリー,牡,6,57.0,塚本征吾,98.3,3/4,5,28.3,40.1,9,愛知櫻井今朝,480.0,3.0,2020104204
2026/07/30,名古屋,晴,10,B6組,ダ,1500,良,12,9,1,1,スキューマパーラ,牝,7,55.0,大原浩司,98.5,1.1/2,10,111.7,41.5,5-4-6,愛知櫻井今朝,456.0,-5.0,2019102598
2026/07/30,名古屋,晴,10,B6組,ダ,1500,良,12,10,8,12,バイアンドホールド,牡,4,57.0,渡辺竜也,99.0,2.1/2,7,30.9,42.1,3-3-8,愛知地辺幸一,487.0,-3.0,2022101712
2026/07/30,名古屋,晴,10,B6組,ダ,1500,良,12,11,6,7,メイクン,牡,4,57.0,丸野勝虎,99.1,クビ,3,11.4,41.8,8,愛知荒巻透,485.0,1.0,2022100344
2026/07/30,名古屋,晴,10,B6組,ダ,1500,良,12,取消,3,3,テーオーリップマン,牡,4,57.0,望月洵輝,,,,,,,愛知沖田明子,,,2022102225
2026/07/30,名古屋,晴,11,蝉時雨特別(A),ダ,1400,良,10,1,7,7,ミニマルデザイン,牝,5,55.0,村上弘樹,89.1,,4,5.0,39.0,7-3,愛知藤ヶ崎一,483.0,0.0,2021101398
2026/07/30,名古屋,晴,11,蝉時雨特別(A),ダ,1400,良,10,2,2,2,ユズノキ,牝,5,55.0,渡辺竜也,89.1,ハナ,3,4.6,38.5,9-6,愛知竹下直人,490.0,-3.0,2021104570
2026/07/30,名古屋,晴,11,蝉時雨特別(A),ダ,1400,良,10,3,7,8,プロミシングギャル,牝,6,52.0,▲小笠原羚,89.1,ハナ,2,3.3,39.4,4-5-2,愛知原口次夫,474.0,-3.0,2020104649
2026/07/30,名古屋,晴,11,蝉時雨特別(A),ダ,1400,良,10,4,5,5,ブライテン,牝,6,55.0,塚本征吾,90.2,5,5,9.3,40.7,3-3-4,愛知迫田清美,426.0,-2.0,2020105302
2026/07/30,名古屋,晴,11,蝉時雨特別(A),ダ,1400,良,10,5,3,3,デスティニーホープ,牝,4,55.0,加藤聡一,90.4,1.1/2,1,2.9,41.0,2-2-1,愛知今津博之,464.0,2.0,2022103625
2026/07/30,名古屋,晴,11,蝉時雨特別(A),ダ,1400,良,10,6,4,4,ミーハ,牡,5,55.0,木之前葵,91.3,4,9,78.3,39.5,10,愛知荒巻透,512.0,0.0,2021104410
2026/07/30,名古屋,晴,11,蝉時雨特別(A),ダ,1400,良,10,7,8,9,ラブミーテキーラ,牝,5,52.0,▲近藤颯羽,91.3,クビ,6,24.2,41.5,5-6,愛知塚田隆男,461.0,6.0,2021106855
2026/07/30,名古屋,晴,11,蝉時雨特別(A),ダ,1400,良,10,8,1,1,フォルツァエフ,牡,11,57.0,筒井勇介,91.4,クビ,10,113.0,40.5,8,愛知迫田清美,491.0,-5.0,2015110063
2026/07/30,名古屋,晴,11,蝉時雨特別(A),ダ,1400,良,10,9,6,6,ジェイエルバルカー,牡,6,57.0,細川智史,92.3,4,8,77.1,43.0,1-1-5,愛知植松則幸,495.0,-3.0,2020100131
2026/07/30,名古屋,晴,11,蝉時雨特別(A),ダ,1400,良,10,10,8,10,コムーネ,牝,4,55.0,丸野勝虎,93.4,5,7,52.2,43.8,6-4,愛知宮下瞳,451.0,2.0,2022103549
2026/07/30,名古屋,晴,12,金シャチ最終戦777(C),ダ,1500,良,12,1,7,9,カミーチェ,牝,4,55.0,塚本征吾,98.0,,6,9.9,39.2,2-3,愛知地辺幸一,402.0,4.0,2022103041
2026/07/30,名古屋,晴,12,金シャチ最終戦777(C),ダ,1500,良,12,2,4,4,ベアショット,牝,4,52.0,▲近藤颯羽,98.3,1.1/2,2,5.2,39.5,2-2,愛知坂口義幸,453.0,8.0,2022103512
2026/07/30,名古屋,晴,12,金シャチ最終戦777(C),ダ,1500,良,12,3,3,3,ノーブルカグラ,牝,4,55.0,大畑慧悟,98.5,1,1,4.6,39.4,4-4-6,愛知倉地学,406.0,3.0,2022106547
2026/07/30,名古屋,晴,12,金シャチ最終戦777(C),ダ,1500,良,12,4,6,7,シャイニーセーラー,牝,4,55.0,細川智史,98.5,アタマ,3,5.9,38.8,7-8,愛知服部功,458.0,15.0,2022101780
2026/07/30,名古屋,晴,12,金シャチ最終戦777(C),ダ,1500,良,12,5,5,5,スターロード,牡,8,57.0,加藤利征,98.6,1/2,8,15.3,40.3,1,愛知錦見勇夫,481.0,-7.0,2018105551
2026/07/30,名古屋,晴,12,金シャチ最終戦777(C),ダ,1500,良,12,6,2,2,エストレリータ,牝,6,55.0,丹羽克輝,98.9,1.1/2,7,12.8,39.9,3-3-4,愛知櫻井今朝,437.0,-1.0,2020102275
2026/07/30,名古屋,晴,12,金シャチ最終戦777(C),ダ,1500,良,12,7,8,11,ヒダサワヤカ,牝,4,52.0,▲小笠原羚,99.0,1/2,4,6.9,39.6,6-7-5,愛知植松則幸,473.0,8.0,2022102382
2026/07/30,名古屋,晴,12,金シャチ最終戦777(C),ダ,1500,良,12,8,7,10,カムイパパイヤ,牝,5,53.0,木之前葵,99.3,1.1/2,5,8.3,40.0,5-5-7,愛知井上哲,414.0,3.0,2021102749
2026/07/30,名古屋,晴,12,金シャチ最終戦777(C),ダ,1500,良,12,9,5,6,サンフローリス,牝,8,55.0,今井貴大,99.4,クビ,10,20.0,39.2,11-11-11,愛知宮本仁,461.0,2.0,2018100454
2026/07/30,名古屋,晴,12,金シャチ最終戦777(C),ダ,1500,良,12,10,8,12,ノイアーターク,セ,6,57.0,丸山真一,99.8,2,11,21.1,40.5,8-6-8,愛知植松則幸,460.0,2.0,2020102841
2026/07/30,名古屋,晴,12,金シャチ最終戦777(C),ダ,1500,良,12,11,6,8,エイシンハトホル,牝,4,55.0,丸野勝虎,100.0,1,9,16.1,40.1,10-9,愛知藤ヶ崎一,447.0,2.0,2022100811
2026/07/30,名古屋,晴,12,金シャチ最終戦777(C),ダ,1500,良,12,12,1,1,トークダウン,牡,4,57.0,村上弘樹,100.4,2,12,82.7,40.2,9-10-10,愛知安部幸夫,437.0,13.0,2022106254
2026/07/30,園田,曇,1,C3三,ダ,1400,良,9,1,1,1,リケアクスクス,牝,3,55.0,廣瀬航,93.0,,1,1.6,38.8,4-4-2-2,兵庫田中一巧,472.0,0.0,2023102595
2026/07/30,園田,曇,1,C3三,ダ,1400,良,9,2,4,4,フッカツラヴ,牝,6,55.0,井上幹太,94.1,7,2,2.3,40.1,1-1-1-1,兵庫茂崎正善,429.0,3.0,2020104808
2026/07/30,園田,曇,1,C3三,ダ,1400,良,9,3,7,7,タッタタラリラ,牝,3,55.0,山本屋太,95.7,10,7,64.9,41.6,2-2,兵庫北野真弘,405.0,-2.0,2023105605
2026/07/30,園田,曇,1,C3三,ダ,1400,良,9,4,2,2,レンガノコブタサン,牝,5,52.0,▲高橋洸佑,95.7,アタマ,5,43.4,40.9,5-5,兵庫土屋洋之,405.0,-3.0,2021103050
2026/07/30,園田,曇,1,C3三,ダ,1400,良,9,5,3,3,ララパサージュ,牡,4,57.0,永井孝典,96.2,3,4,43.0,41.0,7-5-5,兵庫碇清次郎,447.0,-1.0,2022100374
2026/07/30,園田,曇,1,C3三,ダ,1400,良,9,6,8,9,カドフィール,牡,9,57.0,高畑皓一,96.2,クビ,9,152.2,40.9,8-8-6-6,兵庫三宅直之,446.0,-7.0,2017103210
2026/07/30,園田,曇,1,C3三,ダ,1400,良,9,7,8,8,ハワイアンセーラ,牡,4,57.0,土方颯太,96.3,1/2,8,105.9,42.0,3-3-4,兵庫徳本慶一,414.0,2.0,2022106366
2026/07/30,園田,曇,1,C3三,ダ,1400,良,9,8,5,5,ドリームチェイサー,牝,5,54.0,☆小谷哲平,96.5,1,3,9.5,41.7,6-6-4-7,兵庫溝橋利喜,452.0,-6.0,2021104002
2026/07/30,園田,曇,1,C3三,ダ,1400,良,9,9,6,6,ヤシロスマイリー,牝,4,55.0,松木大地,97.6,7,6,45.9,41.9,9-7-8,兵庫大山寿文,471.0,6.0,2022102443
2026/07/30,園田,曇,2,C3二,ダ,1400,良,10,1,8,10,エイシンリーパー,牡,3,56.0,小牧太,93.3,,1,1.4,40.5,4-4-2-2,兵庫橋本忠明,481.0,-8.0,2023105517
2026/07/30,園田,曇,2,C3二,ダ,1400,良,10,2,7,8,アラタマノキセキ,牡,9,57.0,廣瀬航,93.5,3/4,2,7.4,40.4,7-7-5-3,兵庫高本友芳,452.0,-3.0,2017100899
2026/07/30,園田,曇,2,C3二,ダ,1400,良,10,3,1,1,サクラトップクロス,牡,8,57.0,杉浦健太,94.0,3,6,18.2,41.5,1-1-1-1,兵庫雑賀伸一,450.0,4.0,2018102210
2026/07/30,園田,曇,2,C3二,ダ,1400,良,10,4,3,3,ランボシ,セ,12,57.0,田野豊三,94.0,クビ,9,159.3,40.6,8-8-10-10,兵庫新井隆太,488.0,-6.0,2014105145
2026/07/30,園田,曇,2,C3二,ダ,1400,良,10,5,4,4,ニシノフォーリーフ,牡,7,57.0,長尾翼玖,94.2,1.1/4,7,28.3,40.8,9-9-9-8,兵庫山口浩幸,398.0,4.0,2019100496
2026/07/30,園田,曇,2,C3二,ダ,1400,良,10,6,6,6,イタリックタイプ,牡,4,57.0,竹村達也,94.2,アタマ,10,186.7,41.4,3-2-3-4,兵庫南弘樹,424.0,-6.0,2022106268
2026/07/30,園田,曇,2,C3二,ダ,1400,良,10,7,8,9,リザンテラ,牝,4,55.0,山田雄大,94.4,1.1/4,8,59.2,40.9,10-10-6-6,兵庫黒田隆男,494.0,3.0,2022100392
2026/07/30,園田,曇,2,C3二,ダ,1400,良,10,8,5,5,プライムテーラー,牝,5,55.0,土方颯太,94.6,3/4,3,8.3,41.9,2-3-4-5,兵庫岡田利一,447.0,3.0,2021103661
2026/07/30,園田,曇,2,C3二,ダ,1400,良,10,9,2,2,ナムラダニー,牡,6,57.0,下原理,95.2,3.1/2,5,12.4,42.1,5-5-7-7,兵庫保利幸作,445.0,-5.0,2020104656
2026/07/30,園田,曇,2,C3二,ダ,1400,良,10,10,7,7,スカリーワグ,牡,8,57.0,山本屋太,95.3,1/2,4,11.2,42.1,6-6-8-9,兵庫坂本和也,498.0,6.0,2018101929
2026/07/30,園田,曇,3,C3二,ダ,820,良,12,1,8,12,スカイライズ,牝,3,55.0,廣瀬航,51.5,,1,2.5,37.1,2-2,兵庫寺地誠一,471.0,-4.0,2023101783
2026/07/30,園田,曇,3,C3二,ダ,820,良,12,2,2,2,モモノコトノハ,牝,3,55.0,杉浦健太,51.9,2.1/2,4,6.8,37.0,6-5,兵庫吉見真幸,469.0,-4.0,2023102723
2026/07/30,園田,曇,3,C3二,ダ,820,良,12,3,3,3,タマノルーナ,牝,7,55.0,井上幹太,52.0,クビ,2,3.6,37.6,3-3,兵庫藤川純,448.0,-2.0,2019104062
2026/07/30,園田,曇,3,C3二,ダ,820,良,12,4,6,7,ヴィンセント,牝,3,55.0,永井孝典,52.2,1.1/4,11,255.8,37.3,7-6,兵庫徳本慶一,425.0,5.0,2023103111
2026/07/30,園田,曇,3,C3二,ダ,820,良,12,5,8,11,キャスパインパクト,牡,4,57.0,川原正一,52.2,アタマ,3,4.6,37.5,4-4,兵庫大塚信次,446.0,4.0,2022100963
2026/07/30,園田,曇,3,C3二,ダ,820,良,12,6,6,8,エンジェルモモ,牝,7,55.0,土方颯太,52.5,2,7,35.8,37.3,10-10,兵庫新井隆太,417.0,-5.0,2019102773
2026/07/30,園田,曇,3,C3二,ダ,820,良,12,7,5,6,トレジャーハウス,牝,4,55.0,山本屋太,52.5,アタマ,9,71.3,38.1,1-1,兵庫南弘樹,385.0,-2.0,2022106264
2026/07/30,園田,曇,3,C3二,ダ,820,良,12,8,4,4,ホワイトニング,牝,11,55.0,高畑皓一,53.0,3,12,338.0,38.1,9-8,兵庫山元博徳,483.0,-2.0,2015102936
2026/07/30,園田,曇,3,C3二,ダ,820,良,12,9,5,5,モンシュヴァル,牡,7,53.0,★塩津璃菜,53.1,1/2,5,12.2,38.3,8-9,兵庫藤川純,460.0,7.0,2019104301
2026/07/30,園田,曇,3,C3二,ダ,820,良,12,10,7,10,ブルーディザイア,牡,7,54.0,▲南部楓馬,53.1,アタマ,8,51.5,37.3,14-14,兵庫岡田利一,544.0,8.0,2019101879
2026/07/30,園田,曇,3,C3二,ダ,820,良,12,11,7,9,サンドクルーザー,牡,5,54.0,▲高橋洸佑,53.6,3,10,83.7,38.4,11-11,兵庫黒田隆男,489.0,1.0,2021102689
2026/07/30,園田,曇,3,C3二,ダ,820,良,12,12,1,1,アブラカタブラ,セ,4,57.0,吉村智洋,53.7,クビ,6,15.7,38.3,13-13,兵庫橋本忠明,471.0,1.0,2022103331
2026/07/30,園田,曇,4,遠方7ハロンC3一,ダ,1400,良,10,1,7,7,オースミストロング,牡,4,55.0,佐々木世,93.3,,3,3.9,39.3,10-10-5-3,兵庫坂本和也,490.0,-5.0,2022105366
2026/07/30,園田,曇,4,遠方7ハロンC3一,ダ,1400,良,10,2,8,10,カイラシ,牝,6,55.0,福原杏,93.7,2.1/2,2,3.6,40.2,3-3-3-2,兵庫田中範雄,446.0,0.0,2020106462
2026/07/30,園田,曇,4,遠方7ハロンC3一,ダ,1400,良,10,3,5,5,リゴートゥー,牡,6,57.0,長尾翼玖,94.0,1.3/4,1,3.0,40.6,2-2-2-4,兵庫徳本慶一,447.0,-3.0,2020104692
2026/07/30,園田,曇,4,遠方7ハロンC3一,ダ,1400,良,10,4,2,2,ロングロングロング,牡,4,57.0,板野央,94.2,1.1/4,8,56.8,40.1,9-8-9-10,兵庫木村健,483.0,1.0,2022103916
2026/07/30,園田,曇,4,遠方7ハロンC3一,ダ,1400,良,10,5,8,9,クールジャーマン,牡,6,57.0,小牧太,94.3,1/2,4,5.0,40.8,6-6-4-7,兵庫保利幸作,476.0,5.0,2020100055
2026/07/30,園田,曇,4,遠方7ハロンC3一,ダ,1400,良,10,6,6,6,タイイクスワリ,牡,4,57.0,小谷周平,94.5,3/4,6,25.1,40.6,8-9-8-8,兵庫南弘樹,432.0,4.0,2022102507
2026/07/30,園田,曇,4,遠方7ハロンC3一,ダ,1400,良,10,7,4,4,スマートレイヴ,牝,5,55.0,田野豊三,94.7,3/4,5,9.0,41.3,1-1-6-5,兵庫寺地誠一,440.0,-4.0,2021103933
2026/07/30,園田,曇,4,遠方7ハロンC3一,ダ,1400,良,10,8,7,8,ミストレビノ,牝,5,55.0,山田雄大,94.7,クビ,10,173.0,40.9,5-5-7-6,兵庫茂崎正善,444.0,0.0,2021106884
2026/07/30,園田,曇,4,遠方7ハロンC3一,ダ,1400,良,10,9,3,3,ウィステリアダディ,牡,8,57.0,竹村達也,94.8,1/2,9,128.8,41.3,7-7-1-1,兵庫保利良次,504.0,8.0,2018104241
2026/07/30,園田,曇,4,遠方7ハロンC3一,ダ,1400,良,10,10,1,1,ミステリアスレディ,牝,4,55.0,土方颯太,95.2,2.1/2,7,50.7,41.3,4-4-10-9,兵庫小牧毅,436.0,6.0,2022103084
2026/07/30,園田,曇,5,古森7ハロンC2二,ダ,1400,良,9,1,4,4,メイショウシュート,牡,9,54.0,▲南部楓馬,91.6,,3,4.6,40.4,1-1-1-1,兵庫永島太郎,473.0,3.0,2017102081
2026/07/30,園田,曇,5,古森7ハロンC2二,ダ,1400,良,9,2,8,8,メイショウゼルク,牝,3,55.0,下原理,92.7,7,1,2.8,41.0,5-3-3,兵庫橋本忠明,468.0,20.0,2023101949
2026/07/30,園田,曇,5,古森7ハロンC2二,ダ,1400,良,9,3,1,1,ワンダーグァルネリ,牡,6,57.0,小牧太,92.7,ハナ,4,5.6,40.2,7-9-7,兵庫田中範雄,426.0,-1.0,2020102612
2026/07/30,園田,曇,5,古森7ハロンC2二,ダ,1400,良,9,4,5,5,ジュエルドパリ,牡,5,54.0,▲高橋洸佑,92.8,1/2,6,10.3,41.5,2-2-2-2,兵庫新子雅司,458.0,0.0,2021104438
2026/07/30,園田,曇,5,古森7ハロンC2二,ダ,1400,良,9,5,7,7,クールブレーブ,牝,3,55.0,吉村智洋,93.4,3.1/2,7,22.4,41.8,3-3-5-6,兵庫保利幸作,480.0,-12.0,2023102838
2026/07/30,園田,曇,5,古森7ハロンC2二,ダ,1400,良,9,6,8,9,フィーロ,牡,5,57.0,松木大地,94.1,4,9,163.6,41.9,7-8,兵庫西村守幸,482.0,1.0,2021101338
2026/07/30,園田,曇,5,古森7ハロンC2二,ダ,1400,良,9,7,3,3,アスターリコッタ,牝,3,55.0,廣瀬航,94.8,4,2,4.1,43.2,4-4-4-5,兵庫保利良平,429.0,-2.0,2023105666
2026/07/30,園田,曇,5,古森7ハロンC2二,ダ,1400,良,9,8,2,2,ココプレミア,牝,3,54.0,☆小谷哲平,94.9,クビ,8,132.7,41.7,8-10,兵庫稻田彰宏,434.0,-1.0,2023105569
2026/07/30,園田,曇,5,古森7ハロンC2二,ダ,1400,良,9,9,6,6,ナリタゲッコウ,牝,3,55.0,井上幹太,95.1,1.1/4,5,8.5,42.9,6-8,兵庫新井隆太,412.0,6.0,2023105633
2026/07/30,園田,曇,6,C3一,ダ,820,良,12,1,6,7,ウィンビュー,牝,4,51.0,★塩津璃菜,50.5,,2,3.6,36.6,1,兵庫長南和宏,476.0,44.0,2022104514
2026/07/30,園田,曇,6,C3一,ダ,820,良,12,2,8,12,セイウンスペリオル,牝,4,55.0,廣瀬航,50.8,2,3,5.3,36.7,,兵庫山口浩幸,473.0,-1.0,2022107097
2026/07/30,園田,曇,6,C3一,ダ,820,良,12,3,5,5,トランスラン,牝,3,55.0,土方颯太,51.1,1.1/2,4,9.8,37.1,3-2,兵庫盛本信春,432.0,-4.0,2023101543
2026/07/30,園田,曇,6,C3一,ダ,820,良,12,4,7,9,ラヴスティンガー,牝,4,55.0,下原理,51.4,1.3/4,1,1.9,36.9,6-5,兵庫木村健,510.0,8.0,2022100663
2026/07/30,園田,曇,6,C3一,ダ,820,良,12,5,2,2,ニシノガランテ,牝,3,55.0,竹村達也,51.4,ハナ,10,75.0,37.3,,兵庫山口浩幸,412.0,0.0,2023106270
2026/07/30,園田,曇,6,C3一,ダ,820,良,12,6,4,4,バイカル,牝,9,52.0,▲南部楓馬,51.5,3/4,5,21.2,36.8,8-7,兵庫藤川純,499.0,6.0,2017101987
2026/07/30,園田,曇,6,C3一,ダ,820,良,12,7,8,11,センドネージュ,牝,5,55.0,永井孝典,51.6,クビ,9,69.3,37.2,5-4,兵庫田中道夫,473.0,6.0,2021104760
2026/07/30,園田,曇,6,C3一,ダ,820,良,12,8,1,1,カツ,牡,3,56.0,吉村智洋,52.0,2.1/2,7,33.6,37.1,8,兵庫北野真弘,477.0,-3.0,2023104694
2026/07/30,園田,曇,6,C3一,ダ,820,良,12,9,7,10,ナムラマフィン,牝,3,54.0,☆小谷哲平,52.0,アタマ,11,137.0,37.7,4-3,兵庫溝橋利喜,417.0,-2.0,2023106234
2026/07/30,園田,曇,6,C3一,ダ,820,良,12,10,3,3,シズカノウミ,牝,6,55.0,田野豊三,52.1,3/4,6,32.9,37.6,7-6,兵庫尾原強,475.0,-6.0,2020101045
2026/07/30,園田,曇,6,C3一,ダ,820,良,12,11,6,8,チェリースカヤ,牡,4,57.0,高畑皓一,52.1,アタマ,12,346.5,36.6,10,兵庫小村正也,489.0,7.0,2022100316
2026/07/30,園田,曇,6,C3一,ダ,820,良,12,12,5,6,フドウミョウオウ,牡,3,54.0,佐々木世,52.4,1.3/4,8,36.1,37.4,9,兵庫尾林幸二,427.0,-2.0,2023107487
2026/07/30,園田,曇,7,C2一,ダ,1400,良,10,1,2,2,アラン,牡,3,56.0,小牧太,91.7,,1,1.1,38.7,7-7-1-1,兵庫木村健,522.0,5.0,2023104741
2026/07/30,園田,曇,7,C2一,ダ,1400,良,10,2,1,1,チョウウマクイク,牝,6,55.0,新庄海誠,92.5,5,2,5.7,39.0,4-4-5,兵庫織田誠,474.0,2.0,2020100802
2026/07/30,園田,曇,7,C2一,ダ,1400,良,10,3,8,9,ビガーサンライズ,牝,4,51.0,★塩津璃菜,93.0,3,4,19.3,39.8,2-2-2,兵庫柏原誠路,394.0,0.0,2022102599
2026/07/30,園田,曇,7,C2一,ダ,1400,良,10,4,7,8,イービジョンエイト,牡,3,56.0,笹田知宏,94.0,6,8,69.1,40.0,9-9-8,兵庫栗林徹治,442.0,-8.0,2023103740
2026/07/30,園田,曇,7,C2一,ダ,1400,良,10,5,7,7,レッドアクトゥール,牡,7,56.0,☆小谷哲平,94.2,1.1/2,6,42.9,40.2,8-8-9,兵庫溝橋利喜,453.0,-1.0,2019104965
2026/07/30,園田,曇,7,C2一,ダ,1400,良,10,6,8,10,ミライチケット,牝,3,55.0,廣瀬航,94.3,クビ,5,37.7,40.9,3-3-4-4,兵庫松平幸秀,446.0,-5.0,2023105103
2026/07/30,園田,曇,7,C2一,ダ,1400,良,10,7,5,5,ヴァリラプトル,牝,4,55.0,山本咲希,94.4,3/4,7,54.6,40.7,6-6-6-5,兵庫石橋満,428.0,-4.0,2022105563
2026/07/30,園田,曇,7,C2一,ダ,1400,良,10,8,3,3,テイケイウェリナ,牝,3,55.0,下原理,94.7,2,3,13.3,41.4,1-1-3-3,兵庫山口浩幸,429.0,9.0,2023101725
2026/07/30,園田,曇,7,C2一,ダ,1400,良,10,9,4,4,レッドファイブ,牡,3,54.0,佐々木世,96.9,大,9,228.9,43.2,5-5-7-7,兵庫尾原強,475.0,0.0,2023101374
2026/07/30,園田,曇,7,C2一,ダ,1400,良,10,取消,6,6,エポエポサン,牡,4,57.0,吉村智洋,,,,,,,兵庫吉見真幸,,,2022104636
2026/07/30,園田,曇,8,JRA認定アッパートライ競走,ダ,1400,良,7,1,3,3,ゴッズフェイヴリト,牝,2,55.0,田野豊三,94.1,,1,1.9,39.4,4-5-3-2,兵庫有馬澄男,422.0,4.0,2024103997
2026/07/30,園田,曇,8,JRA認定アッパートライ競走,ダ,1400,良,7,2,6,6,ソウルアンドソウル,牝,2,55.0,下原理,94.5,2.1/2,2,2.3,39.8,5-4-2,兵庫山口浩幸,429.0,2.0,2024106949
2026/07/30,園田,曇,8,JRA認定アッパートライ競走,ダ,1400,良,7,3,5,5,ヒナデコルテ,牝,2,53.0,佐々木世,94.8,1.3/4,4,8.6,40.3,2-2-1-1,兵庫坂本和也,438.0,-1.0,2024103498
2026/07/30,園田,曇,8,JRA認定アッパートライ競走,ダ,1400,良,7,4,2,2,アオイノイコロ,牡,2,56.0,杉浦健太,95.0,1.1/2,5,106.1,40.2,3-3-6,兵庫南弘樹,465.0,-3.0,2024105419
2026/07/30,園田,曇,8,JRA認定アッパートライ競走,ダ,1400,良,7,5,4,4,モズハート,牝,2,55.0,山本咲希,97.2,大,3,5.5,42.7,1-1-5,兵庫大山寿文,481.0,-2.0,2024101374
2026/07/30,園田,曇,8,JRA認定アッパートライ競走,ダ,1400,良,7,6,7,7,クイーンピロコ,牝,2,55.0,小谷周平,97.7,3,6,250.8,42.3,6-6-7,兵庫南弘樹,427.0,-1.0,2024106818
2026/07/30,園田,曇,8,JRA認定アッパートライ競走,ダ,1400,良,7,除外,1,1,サマサマ,牡,2,56.0,小牧太,,,,,,,兵庫長南和宏,447.0,1.0,2024101740
2026/07/30,園田,曇,9,B2,ダ,1230,良,8,1,3,3,エイシンリガーズ,牡,3,56.0,吉村智洋,79.6,,1,1.2,38.9,2-2-2-2,兵庫橋本忠明,512.0,1.0,2023105485
2026/07/30,園田,曇,9,B2,ダ,1230,良,8,2,2,2,エルピーゾ,牝,4,55.0,田野豊三,79.9,1.3/4,6,29.9,38.8,7,兵庫柏原誠路,502.0,-4.0,2022104021
2026/07/30,園田,曇,9,B2,ダ,1230,良,8,3,8,8,ファンシンレディー,牝,4,56.0,福原杏,79.9,クビ,3,11.2,39.0,5-5-5-4,兵庫長倉功,454.0,0.0,2022102092
2026/07/30,園田,曇,9,B2,ダ,1230,良,8,4,4,4,タガノテツ,牡,4,57.0,笹田知宏,80.1,3/4,5,29.5,38.6,8,兵庫新子雅司,472.0,3.0,2022107135
2026/07/30,園田,曇,9,B2,ダ,1230,良,8,5,6,6,ニシノヒナアラレ,牝,4,55.0,廣瀬航,80.3,1.1/4,7,66.4,39.4,3-3-3-3,兵庫山口浩幸,476.0,2.0,2022100678
2026/07/30,園田,曇,9,B2,ダ,1230,良,8,6,1,1,セクシーキャット,牝,4,56.0,下原理,80.4,3/4,2,4.5,39.8,1-1-1-1,兵庫松浦聡志,492.0,0.0,2022100851
2026/07/30,園田,曇,9,B2,ダ,1230,良,8,7,7,7,ジューンコメット,牡,4,54.0,▲高橋洸佑,80.6,1,4,23.5,39.8,4-4-4-6,兵庫保利良平,503.0,-2.0,2022107015
2026/07/30,園田,曇,9,B2,ダ,1230,良,8,中止,5,5,ウィルトゥーウェル,牝,4,55.0,竹村達也,,,8,383.3,,7,兵庫小村正也,433.0,-7.0,2022107213
2026/07/30,園田,曇,10,C1,ダ,820,良,12,1,8,11,ギフトバスケット,牝,4,55.0,田野豊三,49.7,,5,15.9,35.7,1-1,兵庫松平幸秀,441.0,-5.0,2022104867
2026/07/30,園田,曇,10,C1,ダ,820,良,12,2,6,7,サマーエンジェル,牝,4,55.0,福原杏,50.1,2.1/2,1,2.3,36.2,2-2,兵庫田中範雄,481.0,2.0,2022103165
2026/07/30,園田,曇,10,C1,ダ,820,良,12,3,6,8,ウィンザーロア,牡,6,57.0,長尾翼玖,50.7,3.1/2,7,31.7,36.3,6-5,兵庫田村彰啓,483.0,6.0,2020110048
2026/07/30,園田,曇,10,C1,ダ,820,良,12,4,7,10,フィオリーノ,牝,6,53.0,佐々木世,50.8,3/4,2,3.3,36.7,3-4,兵庫永島太郎,467.0,-7.0,2020105066
2026/07/30,園田,曇,10,C1,ダ,820,良,12,5,7,9,ミキヨウッドテール,牝,4,51.0,★塩津璃菜,50.8,アタマ,4,11.3,36.7,5-7,兵庫長南和宏,473.0,5.0,2022101158
2026/07/30,園田,曇,10,C1,ダ,820,良,12,6,5,5,ミストルティン,牡,7,54.0,▲南部楓馬,51.0,1.1/4,11,310.0,36.6,8-8,兵庫岡田利一,471.0,0.0,2019103090
2026/07/30,園田,曇,10,C1,ダ,820,良,12,7,5,6,コパノジェームス,牡,4,57.0,小谷周平,51.0,ハナ,6,21.0,36.5,9-10,兵庫飯田良弘,503.0,-3.0,2022100287
2026/07/30,園田,曇,10,C1,ダ,820,良,12,8,3,3,エイシンチョンパ,牡,5,57.0,永井孝典,51.0,ハナ,9,182.5,36.8,4-3,兵庫渡瀬寛彰,512.0,-7.0,2021109174
2026/07/30,園田,曇,10,C1,ダ,820,良,12,9,1,1,スービーズ,牝,5,56.0,杉浦健太,51.3,1.1/2,8,44.6,37.1,7-6,兵庫新井隆太,456.0,-8.0,2021100932
2026/07/30,園田,曇,10,C1,ダ,820,良,12,10,8,12,サチノメグミ,牝,3,56.0,川原正一,51.4,3/4,3,3.8,36.1,11,兵庫有馬澄男,494.0,5.0,2023100869
2026/07/30,園田,曇,10,C1,ダ,820,良,12,11,2,2,アウタースペース,牡,8,57.0,高畑皓一,51.6,1,12,317.1,37.0,10-9,兵庫黒田隆男,442.0,1.0,2018100515
2026/07/30,園田,曇,10,C1,ダ,820,良,12,12,4,4,ブルーデイジー,牝,7,54.0,☆小谷哲平,52.5,6,10,220.6,37.2,12,兵庫小村正也,439.0,-1.0,2019101340
2026/07/30,園田,曇,11,丹波篠山デカンショ特別B1,ダ,1230,良,8,1,6,6,ワキノノーブル,牝,5,55.0,笹田知宏,79.4,,4,37.4,38.6,5-5-3-2,兵庫飯田良弘,483.0,-8.0,2021106394
2026/07/30,園田,曇,11,丹波篠山デカンショ特別B1,ダ,1230,良,8,2,8,8,ハイラブソング,牝,4,52.0,▲高橋洸佑,79.4,アタマ,2,5.6,38.8,3-3-2-3,兵庫保利良次,446.0,1.0,2022103938
2026/07/30,園田,曇,11,丹波篠山デカンショ特別B1,ダ,1230,良,8,3,1,1,ベラジオドリーム,牡,4,57.0,小牧太,79.5,クビ,1,1.0,39.2,1-1-1-1,兵庫諏訪貴正,500.0,1.0,2022107318
2026/07/30,園田,曇,11,丹波篠山デカンショ特別B1,ダ,1230,良,8,4,2,2,トリニティノット,牡,8,57.0,下原理,80.5,6,5,137.7,39.9,4-4-4-5,兵庫野田忍,486.0,-1.0,2018101694
2026/07/30,園田,曇,11,丹波篠山デカンショ特別B1,ダ,1230,良,8,5,3,3,ヤマニンリジッド,牡,6,57.0,井上幹太,80.6,3/4,7,202.9,39.1,7-7-7-4,兵庫松平幸秀,482.0,-5.0,2020105591
2026/07/30,園田,曇,11,丹波篠山デカンショ特別B1,ダ,1230,良,8,6,7,7,プレジールミノル,牡,8,57.0,山本咲希,80.8,3/4,8,313.1,39.1,8-8-8,兵庫松平幸秀,496.0,1.0,2018104322
2026/07/30,園田,曇,11,丹波篠山デカンショ特別B1,ダ,1230,良,8,7,4,4,シュネルクィーン,牝,6,55.0,廣瀬航,82.3,9,3,10.1,41.2,6-6-6,兵庫西川進也,468.0,3.0,2020101743
2026/07/30,園田,曇,11,丹波篠山デカンショ特別B1,ダ,1230,良,8,8,5,5,ソレア,牝,6,54.0,☆小谷哲平,84.0,大,6,174.5,43.4,2-2-5-7,兵庫保利良平,430.0,1.0,2020102690
2026/07/30,園田,曇,12,C2,ダ,1700,良,12,1,4,4,サンミゲル,牡,3,57.0,吉村智洋,115.3,,1,2.3,39.8,8-7-8-9,兵庫橋本忠明,506.0,-2.0,2023106962
2026/07/30,園田,曇,12,C2,ダ,1700,良,12,2,5,5,ナリタセレーノ,牝,5,54.0,☆小谷哲平,115.8,3,12,118.0,40.3,10-10-6-7,兵庫黒田隆男,391.0,-1.0,2021101480
2026/07/30,園田,曇,12,C2,ダ,1700,良,12,3,8,11,ザタイムズ,牝,4,55.0,新庄海誠,115.9,3/4,2,3.0,41.0,4-5-1-1,兵庫柏原誠路,448.0,3.0,2022104999
2026/07/30,園田,曇,12,C2,ダ,1700,良,12,4,8,12,ワンダーブレス,牡,6,57.0,小谷周平,116.0,1/2,3,5.6,41.2,5-6-2-3,兵庫木村健,476.0,-4.0,2020106433
2026/07/30,園田,曇,12,C2,ダ,1700,良,12,5,7,10,ゴールデンロンドン,牡,5,54.0,▲南部楓馬,116.1,クビ,10,43.6,40.6,7-8-10-11,兵庫田村彰啓,506.0,4.0,2021104653
2026/07/30,園田,曇,12,C2,ダ,1700,良,12,6,7,9,シンゼンハチマン,牡,5,57.0,田野豊三,116.1,アタマ,7,34.5,40.6,6-4-9-10,兵庫石橋満,466.0,1.0,2021103613
2026/07/30,園田,曇,12,C2,ダ,1700,良,12,7,1,1,ヴィクトリーアイ,牡,6,58.0,永井孝典,116.3,3/4,4,15.2,40.4,9-9-12-8,兵庫大塚信次,454.0,-7.0,2020100916
2026/07/30,園田,曇,12,C2,ダ,1700,良,12,8,6,8,テーオーウィルソン,牡,4,57.0,福原杏,116.3,クビ,6,16.7,40.7,13-12-7-6,兵庫藤川純,513.0,-10.0,2022101785
2026/07/30,園田,曇,12,C2,ダ,1700,良,12,9,3,3,アテナガール,牝,3,55.0,下原理,116.6,1.1/2,9,39.8,41.5,3-3-5-4,兵庫盛本信春,474.0,-2.0,2023102015
2026/07/30,園田,曇,12,C2,ダ,1700,良,12,10,2,2,ブルーメサイア,牡,4,57.0,山本咲希,117.0,2.1/2,11,60.3,41.1,12-11-11-12,兵庫長倉功,460.0,0.0,2022103132
2026/07/30,園田,曇,12,C2,ダ,1700,良,12,11,5,6,ビカムキング,牡,5,57.0,笹田知宏,117.4,2.1/2,5,15.3,42.6,1-1-3-2,兵庫新子雅司,521.0,0.0,2021110046
2026/07/30,園田,曇,12,C2,ダ,1700,良,12,12,6,7,シャンクスレガシー,牝,3,53.0,佐々木世,117.6,1,8,37.0,42.8,2-2-4-5,兵庫盛本信春,441.0,-3.0,2023106166
